Timestamp (Elapsed time in seconds),PID,FPS,99(%) FPS,Render Latency(MSec),Average PC Latency(MSec),CPU Utilization(%),GPU1 Utilization(%),GPU1 Temperature(Degrees celsius),GPU1 Frequency(MHz),GPU1 Memory Frequency(MHz),GPU1 Voltage(Milli Volts),GPU1 Fan1 Speed (RPM),GPU1 Fan2 Speed (RPM),GPU2 Utilization(%),GPU2 Temperature(Degrees celsius),GPU2 Frequency(MHz),GPU2 Memory Frequency(MHz),GPU2 Voltage(Milli Volts),GPU2 Fan1 Speed (RPM),GPU2 Fan2 Speed (RPM),
0.366,43160,62.000,53.000,8.004,N/A,10.000,60.000,61.000,1950.000,7001.000,1.075,1715.000,1716.000,N/A,N/A,N/A,N/A,N/A,N/A,N/A
0.910,43160,62.000,53.000,7.984,N/A,10.000,50.000,60.000,1950.000,7001.000,1.075,1715.000,1714.000,N/A,N/A,N/A,N/A,N/A,N/A,N/A
1.452,43160,62.000,53.000,7.984,N/A,10.000,50.000,60.000,1950.000,7001.000,1.075,1715.000,1714.000,N/A,N/A,N/A,N/A,N/A,N/A,N/A
1.888,43160,62.000,51.000,8.425,N/A,7.000,56.000,60.000,1950.000,7001.000,1.075,1716.000,1716.000,N/A,N/A,N/A,N/A,N/A,N/A,N/A
2.457,43160,62.000,51.000,8.425,N/A,7.000,56.000,60.000,1950.000,7001.000,1.075,1716.000,1716.000,N/A,N/A,N/A,N/A,N/A,N/A,N/A
2.914,43160,61.000,47.000,7.945,N/A,9.000,56.000,60.000,1950.000,7001.000,1.075,1716.000,1716.000,N/A,N/A,N/A,N/A,N/A,N/A,N/A
3.456,43160,61.000,47.000,7.945,N/A,9.000,56.000,60.000,1950.000,7001.000,1.075,1716.000,1716.000,N/A,N/A,N/A,N/A,N/A,N/A,N/A
3.890,43160,62.000,41.000,8.005,N/A,25.000,54.000,61.000,1950.000,7001.000,1.075,1714.000,1715.000,N/A,N/A,N/A,N/A,N/A,N/A,N/A
4.433,43160,62.000,41.000,8.005,N/A,25.000,54.000,61.000,1950.000,7001.000,1.075,1714.000,1715.000,N/A,N/A,N/A,N/A,N/A,N/A,N/A
4.867,43160,61.000,44.000,8.664,N/A,14.000,53.000,60.000,1950.000,7001.000,1.075,1715.000,1713.000,N/A,N/A,N/A,N/A,N/A,N/A,N/A
5.412,43160,61.000,44.000,8.664,N/A,14.000,53.000,60.000,1950.000,7001.000,1.075,1715.000,1713.000,N/A,N/A,N/A,N/A,N/A,N/A,N/A
5.954,43160,62.000,44.000,8.920,N/A,16.000,63.000,60.000,1950.000,7001.000,1.075,1715.000,1711.000,N/A,N/A,N/A,N/A,N/A,N/A,N/A
6.388,43160,62.000,44.000,8.920,N/A,16.000,63.000,60.000,1950.000,7001.000,1.075,1715.000,1711.000,N/A,N/A,N/A,N/A,N/A,N/A,N/A
6.932,43160,62.000,46.000,7.984,N/A,9.000,57.000,60.000,1950.000,7001.000,1.075,1715.000,1711.000,N/A,N/A,N/A,N/A,N/A,N/A,N/A
7.476,43160,62.000,46.000,7.984,N/A,9.000,57.000,60.000,1950.000,7001.000,1.075,1715.000,1711.000,N/A,N/A,N/A,N/A,N/A,N/A,N/A
7.909,43160,62.000,51.000,7.993,N/A,7.000,52.000,60.000,1950.000,7001.000,1.075,1713.000,1714.000,N/A,N/A,N/A,N/A,N/A,N/A,N/A
8.452,43160,62.000,51.000,7.993,N/A,7.000,52.000,60.000,1950.000,7001.000,1.075,1713.000,1714.000,N/A,N/A,N/A,N/A,N/A,N/A,N/A
8.885,43160,62.000,52.000,7.961,N/A,6.000,49.000,61.000,1950.000,7001.000,1.075,1712.000,1714.000,N/A,N/A,N/A,N/A,N/A,N/A,N/A
9.428,43160,62.000,52.000,7.961,N/A,6.000,49.000,61.000,1950.000,7001.000,1.075,1712.000,1714.000,N/A,N/A,N/A,N/A,N/A,N/A,N/A
9.969,43160,62.000,48.000,8.008,N/A,5.000,52.000,61.000,1950.000,7001.000,1.075,1711.000,1713.000,N/A,N/A,N/A,N/A,N/A,N/A,N/A
10.406,43160,62.000,48.000,8.008,N/A,5.000,52.000,61.000,1950.000,7001.000,1.075,1711.000,1713.000,N/A,N/A,N/A,N/A,N/A,N/A,N/A
10.949,43160,62.000,48.000,7.957,N/A,16.000,55.000,61.000,1950.000,7001.000,1.075,1709.000,1714.000,N/A,N/A,N/A,N/A,N/A,N/A,N/A
11.383,43160,62.000,48.000,7.957,N/A,16.000,55.000,61.000,1950.000,7001.000,1.075,1709.000,1714.000,N/A,N/A,N/A,N/A,N/A,N/A,N/A
11.927,43160,62.000,45.000,9.140,N/A,16.000,48.000,60.000,1950.000,7001.000,1.075,1711.000,1712.000,N/A,N/A,N/A,N/A,N/A,N/A,N/A
12.472,43160,62.000,45.000,9.140,N/A,16.000,48.000,60.000,1950.000,7001.000,1.075,1711.000,1712.000,N/A,N/A,N/A,N/A,N/A,N/A,N/A
12.905,43160,62.000,45.000,9.012,N/A,21.000,61.000,61.000,1950.000,7001.000,1.075,1711.000,1710.000,N/A,N/A,N/A,N/A,N/A,N/A,N/A
13.444,43160,62.000,45.000,9.012,N/A,21.000,61.000,61.000,1950.000,7001.000,1.075,1711.000,1710.000,N/A,N/A,N/A,N/A,N/A,N/A,N/A
13.988,43160,62.000,50.000,7.987,N/A,14.000,57.000,61.000,1950.000,7001.000,1.075,1710.000,1710.000,N/A,N/A,N/A,N/A,N/A,N/A,N/A
14.420,43160,62.000,50.000,7.987,N/A,14.000,57.000,61.000,1950.000,7001.000,1.075,1710.000,1710.000,N/A,N/A,N/A,N/A,N/A,N/A,N/A
14.962,43160,62.000,51.000,8.016,N/A,6.000,53.000,61.000,1950.000,7001.000,1.075,1708.000,1708.000,N/A,N/A,N/A,N/A,N/A,N/A,N/A
15.394,43160,62.000,51.000,8.016,N/A,6.000,53.000,61.000,1950.000,7001.000,1.075,1708.000,1708.000,N/A,N/A,N/A,N/A,N/A,N/A,N/A
15.936,43160,62.000,47.000,8.460,N/A,4.000,49.000,61.000,1950.000,7001.000,1.075,1709.000,1708.000,N/A,N/A,N/A,N/A,N/A,N/A,N/A
16.477,43160,62.000,47.000,8.460,N/A,4.000,49.000,61.000,1950.000,7001.000,1.075,1709.000,1708.000,N/A,N/A,N/A,N/A,N/A,N/A,N/A
16.912,43160,62.000,47.000,8.675,N/A,9.000,54.000,61.000,1950.000,7001.000,1.075,1709.000,1710.000,N/A,N/A,N/A,N/A,N/A,N/A,N/A
17.456,43160,62.000,47.000,8.675,N/A,9.000,54.000,61.000,1950.000,7001.000,1.075,1709.000,1710.000,N/A,N/A,N/A,N/A,N/A,N/A,N/A
17.998,43160,62.000,51.000,7.993,N/A,7.000,50.000,61.000,1950.000,7001.000,1.075,1709.000,1709.000,N/A,N/A,N/A,N/A,N/A,N/A,N/A
18.432,43160,62.000,51.000,7.993,N/A,7.000,50.000,61.000,1950.000,7001.000,1.075,1709.000,1709.000,N/A,N/A,N/A,N/A,N/A,N/A,N/A
18.975,43160,62.000,53.000,7.949,N/A,11.000,49.000,61.000,1950.000,7001.000,1.075,1707.000,1704.000,N/A,N/A,N/A,N/A,N/A,N/A,N/A
19.410,43160,62.000,53.000,7.949,N/A,11.000,49.000,61.000,1950.000,7001.000,1.075,1707.000,1704.000,N/A,N/A,N/A,N/A,N/A,N/A,N/A
19.953,43160,62.000,51.000,7.973,N/A,5.000,49.000,61.000,1950.000,7001.000,1.075,1707.000,1704.000,N/A,N/A,N/A,N/A,N/A,N/A,N/A
20.496,43160,62.000,51.000,7.973,N/A,5.000,49.000,61.000,1950.000,7001.000,1.075,1707.000,1704.000,N/A,N/A,N/A,N/A,N/A,N/A,N/A
20.930,43160,62.000,40.000,8.370,N/A,13.000,58.000,61.000,1950.000,7001.000,1.075,1706.000,1704.000,N/A,N/A,N/A,N/A,N/A,N/A,N/A
21.473,43160,62.000,40.000,8.370,N/A,13.000,58.000,61.000,1950.000,7001.000,1.075,1706.000,1704.000,N/A,N/A,N/A,N/A,N/A,N/A,N/A
22.016,43160,62.000,37.000,7.932,N/A,11.000,58.000,61.000,1950.000,7001.000,1.075,1706.000,1704.000,N/A,N/A,N/A,N/A,N/A,N/A,N/A
22.449,43160,62.000,37.000,7.932,N/A,11.000,58.000,61.000,1950.000,7001.000,1.075,1706.000,1704.000,N/A,N/A,N/A,N/A,N/A,N/A,N/A
22.992,43160,62.000,44.000,7.974,N/A,17.000,54.000,61.000,1950.000,7001.000,1.075,1705.000,1706.000,N/A,N/A,N/A,N/A,N/A,N/A,N/A
23.426,43160,62.000,44.000,7.974,N/A,17.000,54.000,61.000,1950.000,7001.000,1.075,1705.000,1706.000,N/A,N/A,N/A,N/A,N/A,N/A,N/A
23.968,43160,62.000,49.000,9.755,N/A,7.000,52.000,60.000,1950.000,7001.000,1.075,1705.000,1706.000,N/A,N/A,N/A,N/A,N/A,N/A,N/A
24.510,43160,62.000,49.000,9.755,N/A,7.000,52.000,60.000,1950.000,7001.000,1.075,1705.000,1706.000,N/A,N/A,N/A,N/A,N/A,N/A,N/A
24.944,43160,62.000,47.000,8.561,N/A,7.000,62.000,61.000,1950.000,7001.000,1.075,1704.000,1706.000,N/A,N/A,N/A,N/A,N/A,N/A,N/A
25.486,43160,62.000,47.000,8.561,N/A,7.000,62.000,61.000,1950.000,7001.000,1.075,1704.000,1706.000,N/A,N/A,N/A,N/A,N/A,N/A,N/A
26.028,43160,62.000,45.000,8.839,N/A,7.000,62.000,61.000,1950.000,7001.000,1.075,1704.000,1706.000,N/A,N/A,N/A,N/A,N/A,N/A,N/A
26.462,43160,62.000,45.000,8.839,N/A,7.000,62.000,61.000,1950.000,7001.000,1.075,1704.000,1706.000,N/A,N/A,N/A,N/A,N/A,N/A,N/A
27.004,43160,62.000,46.000,7.956,N/A,3.000,60.000,61.000,1950.000,7001.000,1.075,1705.000,1706.000,N/A,N/A,N/A,N/A,N/A,N/A,N/A
27.438,43160,62.000,46.000,7.956,N/A,3.000,60.000,61.000,1950.000,7001.000,1.075,1705.000,1706.000,N/A,N/A,N/A,N/A,N/A,N/A,N/A
27.979,43160,62.000,49.000,7.958,N/A,6.000,60.000,61.000,1950.000,7001.000,1.075,1705.000,1706.000,N/A,N/A,N/A,N/A,N/A,N/A,N/A
28.524,43160,62.000,49.000,7.958,N/A,6.000,60.000,61.000,1950.000,7001.000,1.075,1705.000,1706.000,N/A,N/A,N/A,N/A,N/A,N/A,N/A
28.957,43160,62.000,50.000,7.902,N/A,6.000,60.000,61.000,1950.000,7001.000,1.075,1705.000,1706.000,N/A,N/A,N/A,N/A,N/A,N/A,N/A
29.501,43160,62.000,50.000,7.902,N/A,6.000,60.000,61.000,1950.000,7001.000,1.075,1705.000,1706.000,N/A,N/A,N/A,N/A,N/A,N/A,N/A
30.045,43160,62.000,46.000,7.975,N/A,9.000,50.000,61.000,1950.000,7001.000,1.075,1702.000,1702.000,N/A,N/A,N/A,N/A,N/A,N/A,N/A
30.478,43160,62.000,46.000,7.975,N/A,9.000,50.000,61.000,1950.000,7001.000,1.075,1702.000,1702.000,N/A,N/A,N/A,N/A,N/A,N/A,N/A
31.024,43160,62.000,46.000,7.948,N/A,6.000,52.000,61.000,1950.000,7001.000,1.075,1700.000,1703.000,N/A,N/A,N/A,N/A,N/A,N/A,N/A
31.455,43160,62.000,46.000,7.948,N/A,6.000,52.000,61.000,1950.000,7001.000,1.075,1700.000,1703.000,N/A,N/A,N/A,N/A,N/A,N/A,N/A
32.001,43160,62.000,42.000,7.971,N/A,17.000,51.000,61.000,1950.000,7001.000,1.075,1701.000,1702.000,N/A,N/A,N/A,N/A,N/A,N/A,N/A
32.541,43160,62.000,42.000,7.971,N/A,17.000,51.000,61.000,1950.000,7001.000,1.075,1701.000,1702.000,N/A,N/A,N/A,N/A,N/A,N/A,N/A
32.974,43160,62.000,37.000,8.028,N/A,18.000,51.000,61.000,1950.000,7001.000,1.075,1701.000,1703.000,N/A,N/A,N/A,N/A,N/A,N/A,N/A
33.515,43160,62.000,37.000,8.028,N/A,18.000,51.000,61.000,1950.000,7001.000,1.075,1701.000,1703.000,N/A,N/A,N/A,N/A,N/A,N/A,N/A
34.057,43160,62.000,47.000,8.893,N/A,16.000,53.000,61.000,1950.000,7001.000,1.075,1702.000,1702.000,N/A,N/A,N/A,N/A,N/A,N/A,N/A
34.491,43160,62.000,47.000,8.893,N/A,16.000,53.000,61.000,1950.000,7001.000,1.075,1702.000,1702.000,N/A,N/A,N/A,N/A,N/A,N/A,N/A
35.035,43160,62.000,52.000,7.968,N/A,10.000,57.000,61.000,1950.000,7001.000,1.075,1700.000,1702.000,N/A,N/A,N/A,N/A,N/A,N/A,N/A
35.470,43160,62.000,52.000,7.968,N/A,10.000,57.000,61.000,1950.000,7001.000,1.075,1700.000,1702.000,N/A,N/A,N/A,N/A,N/A,N/A,N/A
36.014,43160,62.000,51.000,7.998,N/A,7.000,48.000,60.000,1950.000,7001.000,1.075,1701.000,1701.000,N/A,N/A,N/A,N/A,N/A,N/A,N/A
36.557,43160,62.000,51.000,7.998,N/A,7.000,48.000,60.000,1950.000,7001.000,1.075,1701.000,1701.000,N/A,N/A,N/A,N/A,N/A,N/A,N/A
36.991,43160,62.000,51.000,7.962,N/A,10.000,55.000,60.000,1950.000,7001.000,1.075,1702.000,1698.000,N/A,N/A,N/A,N/A,N/A,N/A,N/A
37.533,43160,62.000,51.000,7.962,N/A,10.000,55.000,60.000,1950.000,7001.000,1.075,1702.000,1698.000,N/A,N/A,N/A,N/A,N/A,N/A,N/A
37.968,43160,62.000,48.000,7.970,N/A,5.000,56.000,61.000,1950.000,7001.000,1.075,1700.000,1698.000,N/A,N/A,N/A,N/A,N/A,N/A,N/A
38.512,43160,62.000,48.000,7.970,N/A,5.000,56.000,61.000,1950.000,7001.000,1.075,1700.000,1698.000,N/A,N/A,N/A,N/A,N/A,N/A,N/A
39.053,43160,62.000,51.000,8.033,N/A,7.000,49.000,60.000,1950.000,7001.000,1.075,1701.000,1698.000,N/A,N/A,N/A,N/A,N/A,N/A,N/A
39.487,43160,62.000,51.000,8.033,N/A,7.000,49.000,60.000,1950.000,7001.000,1.075,1701.000,1698.000,N/A,N/A,N/A,N/A,N/A,N/A,N/A
40.030,43160,62.000,52.000,7.990,N/A,5.000,49.000,61.000,1950.000,7001.000,1.075,1701.000,1696.000,N/A,N/A,N/A,N/A,N/A,N/A,N/A
40.571,43160,62.000,52.000,7.990,N/A,5.000,49.000,61.000,1950.000,7001.000,1.075,1701.000,1696.000,N/A,N/A,N/A,N/A,N/A,N/A,N/A
41.004,43160,62.000,50.000,8.023,N/A,8.000,59.000,61.000,1950.000,7001.000,1.075,1701.000,1699.000,N/A,N/A,N/A,N/A,N/A,N/A,N/A
41.547,43160,62.000,50.000,8.023,N/A,8.000,59.000,61.000,1950.000,7001.000,1.075,1701.000,1699.000,N/A,N/A,N/A,N/A,N/A,N/A,N/A
41.983,43160,62.000,50.000,7.894,N/A,5.000,51.000,61.000,1950.000,7001.000,1.075,1700.000,1699.000,N/A,N/A,N/A,N/A,N/A,N/A,N/A
42.527,43160,62.000,50.000,7.894,N/A,5.000,51.000,61.000,1950.000,7001.000,1.075,1700.000,1699.000,N/A,N/A,N/A,N/A,N/A,N/A,N/A
43.069,43160,62.000,47.000,8.731,N/A,8.000,61.000,61.000,1950.000,7001.000,1.075,1697.000,1701.000,N/A,N/A,N/A,N/A,N/A,N/A,N/A
43.502,43160,62.000,47.000,8.731,N/A,8.000,61.000,61.000,1950.000,7001.000,1.075,1697.000,1701.000,N/A,N/A,N/A,N/A,N/A,N/A,N/A
44.045,43160,62.000,45.000,8.309,N/A,9.000,63.000,62.000,1950.000,7001.000,1.075,1697.000,1699.000,N/A,N/A,N/A,N/A,N/A,N/A,N/A
44.588,43160,62.000,45.000,8.309,N/A,9.000,63.000,62.000,1950.000,7001.000,1.075,1697.000,1699.000,N/A,N/A,N/A,N/A,N/A,N/A,N/A
45.022,43160,62.000,48.000,7.984,N/A,11.000,54.000,61.000,1950.000,7001.000,1.075,1696.000,1698.000,N/A,N/A,N/A,N/A,N/A,N/A,N/A
45.564,43160,62.000,48.000,7.984,N/A,11.000,54.000,61.000,1950.000,7001.000,1.075,1696.000,1698.000,N/A,N/A,N/A,N/A,N/A,N/A,N/A
45.999,43160,62.000,46.000,7.945,N/A,11.000,50.000,61.000,1950.000,7001.000,1.075,1696.000,1698.000,N/A,N/A,N/A,N/A,N/A,N/A,N/A
46.588,43160,62.000,46.000,7.945,N/A,11.000,50.000,61.000,1950.000,7001.000,1.075,1696.000,1698.000,N/A,N/A,N/A,N/A,N/A,N/A,N/A
47.020,43160,62.000,39.000,9.071,N/A,17.000,52.000,61.000,1950.000,7001.000,1.075,1697.000,1698.000,N/A,N/A,N/A,N/A,N/A,N/A,N/A
47.563,43160,62.000,39.000,9.071,N/A,17.000,52.000,61.000,1950.000,7001.000,1.075,1697.000,1698.000,N/A,N/A,N/A,N/A,N/A,N/A,N/A
47.998,43160,62.000,42.000,8.396,N/A,13.000,57.000,60.000,1950.000,7001.000,1.075,1696.000,1696.000,N/A,N/A,N/A,N/A,N/A,N/A,N/A
48.542,43160,62.000,42.000,8.396,N/A,13.000,57.000,60.000,1950.000,7001.000,1.075,1696.000,1696.000,N/A,N/A,N/A,N/A,N/A,N/A,N/A
49.087,43160,62.000,46.000,7.956,N/A,7.000,52.000,60.000,1950.000,7001.000,1.075,1696.000,1696.000,N/A,N/A,N/A,N/A,N/A,N/A,N/A
49.521,43160,62.000,46.000,7.956,N/A,7.000,52.000,60.000,1950.000,7001.000,1.075,1696.000,1696.000,N/A,N/A,N/A,N/A,N/A,N/A,N/A
50.063,43160,62.000,50.000,7.991,N/A,7.000,52.000,60.000,1950.000,7001.000,1.075,1696.000,1696.000,N/A,N/A,N/A,N/A,N/A,N/A,N/A
50.606,43160,62.000,50.000,7.991,N/A,7.000,52.000,60.000,1950.000,7001.000,1.075,1696.000,1696.000,N/A,N/A,N/A,N/A,N/A,N/A,N/A
51.042,43160,62.000,53.000,7.909,N/A,7.000,51.000,61.000,1950.000,7001.000,1.075,1697.000,1697.000,N/A,N/A,N/A,N/A,N/A,N/A,N/A
51.585,43160,62.000,53.000,7.909,N/A,7.000,51.000,61.000,1950.000,7001.000,1.075,1697.000,1697.000,N/A,N/A,N/A,N/A,N/A,N/A,N/A
52.022,43160,62.000,53.000,8.028,N/A,5.000,52.000,61.000,1950.000,7001.000,1.075,1693.000,1696.000,N/A,N/A,N/A,N/A,N/A,N/A,N/A
52.564,43160,62.000,53.000,8.028,N/A,5.000,52.000,61.000,1950.000,7001.000,1.075,1693.000,1696.000,N/A,N/A,N/A,N/A,N/A,N/A,N/A
53.109,43160,62.000,53.000,7.981,N/A,7.000,52.000,61.000,1950.000,7001.000,1.075,1693.000,1696.000,N/A,N/A,N/A,N/A,N/A,N/A,N/A
53.543,43160,62.000,53.000,7.981,N/A,7.000,52.000,61.000,1950.000,7001.000,1.075,1693.000,1696.000,N/A,N/A,N/A,N/A,N/A,N/A,N/A
54.085,43160,62.000,55.000,7.928,N/A,7.000,52.000,61.000,1950.000,7001.000,1.075,1694.000,1694.000,N/A,N/A,N/A,N/A,N/A,N/A,N/A
54.520,43160,62.000,55.000,7.928,N/A,7.000,52.000,61.000,1950.000,7001.000,1.075,1694.000,1694.000,N/A,N/A,N/A,N/A,N/A,N/A,N/A
55.062,43160,62.000,49.000,7.965,N/A,7.000,50.000,60.000,1950.000,7001.000,1.075,1694.000,1694.000,N/A,N/A,N/A,N/A,N/A,N/A,N/A
55.604,43160,62.000,49.000,7.965,N/A,7.000,50.000,60.000,1950.000,7001.000,1.075,1694.000,1694.000,N/A,N/A,N/A,N/A,N/A,N/A,N/A
56.040,43160,62.000,48.000,8.214,N/A,7.000,51.000,60.000,1950.000,7001.000,1.075,1693.000,1693.000,N/A,N/A,N/A,N/A,N/A,N/A,N/A
56.584,43160,62.000,48.000,8.214,N/A,7.000,51.000,60.000,1950.000,7001.000,1.075,1693.000,1693.000,N/A,N/A,N/A,N/A,N/A,N/A,N/A
57.126,43160,62.000,48.000,7.914,N/A,11.000,54.000,61.000,1950.000,7001.000,1.075,1692.000,1692.000,N/A,N/A,N/A,N/A,N/A,N/A,N/A
57.559,43160,62.000,48.000,7.914,N/A,11.000,54.000,61.000,1950.000,7001.000,1.075,1692.000,1692.000,N/A,N/A,N/A,N/A,N/A,N/A,N/A
58.103,43160,62.000,46.000,7.927,N/A,7.000,52.000,61.000,1950.000,7001.000,1.075,1693.000,1693.000,N/A,N/A,N/A,N/A,N/A,N/A,N/A
58.534,43160,62.000,46.000,7.927,N/A,7.000,52.000,61.000,1950.000,7001.000,1.075,1693.000,1693.000,N/A,N/A,N/A,N/A,N/A,N/A,N/A
59.078,43160,62.000,50.000,8.373,N/A,5.000,52.000,61.000,1950.000,7001.000,1.075,1692.000,1694.000,N/A,N/A,N/A,N/A,N/A,N/A,N/A
59.623,43160,62.000,50.000,8.373,N/A,5.000,52.000,61.000,1950.000,7001.000,1.075,1692.000,1694.000,N/A,N/A,N/A,N/A,N/A,N/A,N/A
60.060,43160,62.000,48.000,7.941,N/A,6.000,53.000,61.000,1950.000,7001.000,1.075,1692.000,1694.000,N/A,N/A,N/A,N/A,N/A,N/A,N/A
60.599,43160,62.000,48.000,7.941,N/A,6.000,53.000,61.000,1950.000,7001.000,1.075,1692.000,1694.000,N/A,N/A,N/A,N/A,N/A,N/A,N/A
61.035,43160,62.000,48.000,7.905,N/A,14.000,52.000,61.000,1950.000,7001.000,1.075,1691.000,1691.000,N/A,N/A,N/A,N/A,N/A,N/A,N/A
61.579,43160,62.000,48.000,7.905,N/A,14.000,52.000,61.000,1950.000,7001.000,1.075,1691.000,1691.000,N/A,N/A,N/A,N/A,N/A,N/A,N/A
62.122,43160,62.000,50.000,7.898,N/A,13.000,50.000,60.000,1950.000,7001.000,1.075,1691.000,1692.000,N/A,N/A,N/A,N/A,N/A,N/A,N/A
62.556,43160,62.000,50.000,7.898,N/A,13.000,50.000,60.000,1950.000,7001.000,1.075,1691.000,1692.000,N/A,N/A,N/A,N/A,N/A,N/A,N/A
63.098,43160,62.000,52.000,7.929,N/A,4.000,49.000,61.000,1950.000,7001.000,1.075,1691.000,1691.000,N/A,N/A,N/A,N/A,N/A,N/A,N/A
63.640,43160,62.000,52.000,7.929,N/A,4.000,49.000,61.000,1950.000,7001.000,1.075,1691.000,1691.000,N/A,N/A,N/A,N/A,N/A,N/A,N/A
64.073,43160,62.000,52.000,7.938,N/A,4.000,54.000,61.000,1950.000,7001.000,1.075,1692.000,1691.000,N/A,N/A,N/A,N/A,N/A,N/A,N/A
64.616,43160,62.000,52.000,7.938,N/A,4.000,54.000,61.000,1950.000,7001.000,1.075,1692.000,1691.000,N/A,N/A,N/A,N/A,N/A,N/A,N/A
65.050,43160,62.000,52.000,7.938,N/A,4.000,54.000,61.000,1950.000,7001.000,1.075,1692.000,1691.000,N/A,N/A,N/A,N/A,N/A,N/A,N/A
65.592,43160,62.000,52.000,7.963,N/A,5.000,49.000,61.000,1950.000,7001.000,1.075,1691.000,1691.000,N/A,N/A,N/A,N/A,N/A,N/A,N/A
66.134,43160,62.000,53.000,7.957,N/A,5.000,49.000,61.000,1950.000,7001.000,1.075,1693.000,1689.000,N/A,N/A,N/A,N/A,N/A,N/A,N/A
66.567,43160,62.000,53.000,7.957,N/A,5.000,49.000,61.000,1950.000,7001.000,1.075,1693.000,1689.000,N/A,N/A,N/A,N/A,N/A,N/A,N/A
67.109,43160,62.000,53.000,8.396,N/A,4.000,50.000,61.000,1950.000,7001.000,1.075,1690.000,1690.000,N/A,N/A,N/A,N/A,N/A,N/A,N/A
67.650,43160,62.000,53.000,8.396,N/A,4.000,50.000,61.000,1950.000,7001.000,1.075,1690.000,1690.000,N/A,N/A,N/A,N/A,N/A,N/A,N/A
68.084,43160,62.000,54.000,8.002,N/A,7.000,53.000,61.000,1950.000,7001.000,1.075,1690.000,1690.000,N/A,N/A,N/A,N/A,N/A,N/A,N/A
68.626,43160,62.000,54.000,8.002,N/A,7.000,53.000,61.000,1950.000,7001.000,1.075,1690.000,1690.000,N/A,N/A,N/A,N/A,N/A,N/A,N/A
69.061,43160,62.000,54.000,8.002,N/A,7.000,53.000,61.000,1950.000,7001.000,1.075,1690.000,1690.000,N/A,N/A,N/A,N/A,N/A,N/A,N/A
69.602,43160,62.000,52.000,7.907,N/A,4.000,53.000,61.000,1950.000,7001.000,1.075,1690.000,1690.000,N/A,N/A,N/A,N/A,N/A,N/A,N/A
70.061,43160,62.000,52.000,7.907,N/A,4.000,53.000,61.000,1950.000,7001.000,1.075,1690.000,1690.000,N/A,N/A,N/A,N/A,N/A,N/A,N/A
70.611,43160,62.000,52.000,7.998,N/A,6.000,67.000,61.000,1950.000,7001.000,1.075,1689.000,1692.000,N/A,N/A,N/A,N/A,N/A,N/A,N/A
71.155,43160,62.000,43.000,7.960,N/A,9.000,67.000,61.000,1950.000,7001.000,1.075,1688.000,1690.000,N/A,N/A,N/A,N/A,N/A,N/A,N/A
71.590,43160,62.000,43.000,7.960,N/A,9.000,67.000,61.000,1950.000,7001.000,1.075,1688.000,1690.000,N/A,N/A,N/A,N/A,N/A,N/A,N/A
72.132,43160,62.000,51.000,8.502,N/A,10.000,55.000,61.000,1950.000,7001.000,1.075,1692.000,1688.000,N/A,N/A,N/A,N/A,N/A,N/A,N/A
72.566,43160,62.000,51.000,8.502,N/A,10.000,55.000,61.000,1950.000,7001.000,1.075,1692.000,1688.000,N/A,N/A,N/A,N/A,N/A,N/A,N/A
73.110,43160,62.000,51.000,8.502,N/A,10.000,55.000,61.000,1950.000,7001.000,1.075,1692.000,1688.000,N/A,N/A,N/A,N/A,N/A,N/A,N/A
73.653,43160,62.000,51.000,7.953,N/A,5.000,62.000,61.000,1950.000,7001.000,1.075,1690.000,1688.000,N/A,N/A,N/A,N/A,N/A,N/A,N/A
74.085,43160,62.000,51.000,7.953,N/A,5.000,62.000,61.000,1950.000,7001.000,1.075,1690.000,1688.000,N/A,N/A,N/A,N/A,N/A,N/A,N/A
74.628,43160,62.000,46.000,8.015,N/A,4.000,49.000,60.000,1950.000,7001.000,1.075,1692.000,1686.000,N/A,N/A,N/A,N/A,N/A,N/A,N/A
75.170,43160,62.000,46.000,7.958,N/A,4.000,49.000,60.000,1950.000,7001.000,1.075,1692.000,1686.000,N/A,N/A,N/A,N/A,N/A,N/A,N/A
75.604,43160,62.000,46.000,7.958,N/A,4.000,49.000,60.000,1950.000,7001.000,1.075,1692.000,1686.000,N/A,N/A,N/A,N/A,N/A,N/A,N/A
76.147,43160,62.000,44.000,10.596,N/A,7.000,56.000,61.000,1950.000,7001.000,1.075,1694.000,1686.000,N/A,N/A,N/A,N/A,N/A,N/A,N/A
76.579,43160,62.000,44.000,10.596,N/A,7.000,56.000,61.000,1950.000,7001.000,1.075,1694.000,1686.000,N/A,N/A,N/A,N/A,N/A,N/A,N/A
77.122,43160,62.000,44.000,10.596,N/A,7.000,56.000,61.000,1950.000,7001.000,1.075,1694.000,1686.000,N/A,N/A,N/A,N/A,N/A,N/A,N/A
77.664,43160,111.000,44.000,12.582,N/A,7.000,56.000,61.000,1950.000,7001.000,1.075,1694.000,1686.000,N/A,N/A,N/A,N/A,N/A,N/A,N/A
78.097,43160,111.000,44.000,12.582,N/A,7.000,56.000,61.000,1950.000,7001.000,1.075,1694.000,1686.000,N/A,N/A,N/A,N/A,N/A,N/A,N/A
78.642,43160,122.000,92.000,12.439,N/A,12.000,48.000,61.000,1950.000,7001.000,1.075,1693.000,1687.000,N/A,N/A,N/A,N/A,N/A,N/A,N/A
79.185,43160,113.000,67.000,13.454,N/A,7.000,99.000,66.000,1920.000,7001.000,1.031,1688.000,1684.000,N/A,N/A,N/A,N/A,N/A,N/A,N/A
79.618,43160,113.000,67.000,13.454,N/A,7.000,99.000,66.000,1920.000,7001.000,1.031,1688.000,1684.000,N/A,N/A,N/A,N/A,N/A,N/A,N/A
80.160,43160,114.000,87.000,11.911,N/A,6.000,99.000,66.000,1920.000,7001.000,1.031,1694.000,1696.000,N/A,N/A,N/A,N/A,N/A,N/A,N/A
80.595,43160,114.000,87.000,11.911,N/A,6.000,99.000,66.000,1920.000,7001.000,1.031,1694.000,1696.000,N/A,N/A,N/A,N/A,N/A,N/A,N/A
81.138,43160,114.000,87.000,11.911,N/A,6.000,99.000,66.000,1920.000,7001.000,1.031,1694.000,1696.000,N/A,N/A,N/A,N/A,N/A,N/A,N/A
81.681,43160,114.000,88.000,13.043,N/A,6.000,99.000,67.000,1905.000,7001.000,1.025,1707.000,1711.000,N/A,N/A,N/A,N/A,N/A,N/A,N/A
82.115,43160,114.000,88.000,13.043,N/A,6.000,99.000,67.000,1905.000,7001.000,1.025,1707.000,1711.000,N/A,N/A,N/A,N/A,N/A,N/A,N/A
82.660,43160,114.000,95.000,12.478,N/A,5.000,99.000,67.000,1905.000,7001.000,1.037,1752.000,1753.000,N/A,N/A,N/A,N/A,N/A,N/A,N/A
83.093,43160,114.000,95.000,12.478,N/A,5.000,99.000,67.000,1905.000,7001.000,1.037,1752.000,1753.000,N/A,N/A,N/A,N/A,N/A,N/A,N/A
83.636,43160,114.000,93.000,13.181,N/A,4.000,99.000,67.000,1905.000,7001.000,1.025,1799.000,1802.000,N/A,N/A,N/A,N/A,N/A,N/A,N/A
84.179,43160,114.000,93.000,13.181,N/A,4.000,99.000,67.000,1905.000,7001.000,1.025,1799.000,1802.000,N/A,N/A,N/A,N/A,N/A,N/A,N/A
84.613,43160,114.000,96.000,13.113,N/A,8.000,99.000,67.000,1905.000,7001.000,1.025,1845.000,1848.000,N/A,N/A,N/A,N/A,N/A,N/A,N/A
85.153,43160,114.000,96.000,13.113,N/A,8.000,99.000,67.000,1905.000,7001.000,1.025,1845.000,1848.000,N/A,N/A,N/A,N/A,N/A,N/A,N/A
85.697,43160,114.000,90.000,12.697,N/A,5.000,99.000,67.000,1905.000,7001.000,1.025,1865.000,1871.000,N/A,N/A,N/A,N/A,N/A,N/A,N/A
86.131,43160,114.000,90.000,12.697,N/A,5.000,99.000,67.000,1905.000,7001.000,1.025,1865.000,1871.000,N/A,N/A,N/A,N/A,N/A,N/A,N/A
86.675,43160,114.000,89.000,12.718,N/A,8.000,99.000,68.000,1905.000,7001.000,1.025,1898.000,1908.000,N/A,N/A,N/A,N/A,N/A,N/A,N/A
87.111,43160,114.000,89.000,12.718,N/A,8.000,99.000,68.000,1905.000,7001.000,1.025,1898.000,1908.000,N/A,N/A,N/A,N/A,N/A,N/A,N/A
87.655,43160,114.000,93.000,12.997,N/A,8.000,99.000,67.000,1905.000,7001.000,1.025,1923.000,1932.000,N/A,N/A,N/A,N/A,N/A,N/A,N/A
88.199,43160,114.000,93.000,12.997,N/A,8.000,99.000,67.000,1905.000,7001.000,1.025,1923.000,1932.000,N/A,N/A,N/A,N/A,N/A,N/A,N/A
88.634,43160,113.000,87.000,8.444,N/A,10.000,99.000,68.000,1905.000,7001.000,1.025,1934.000,1945.000,N/A,N/A,N/A,N/A,N/A,N/A,N/A
89.179,43160,113.000,87.000,8.444,N/A,10.000,99.000,68.000,1905.000,7001.000,1.025,1934.000,1945.000,N/A,N/A,N/A,N/A,N/A,N/A,N/A
89.613,43160,113.000,76.000,13.107,N/A,11.000,96.000,68.000,1905.000,7001.000,1.025,1951.000,1961.000,N/A,N/A,N/A,N/A,N/A,N/A,N/A
90.156,43160,113.000,76.000,13.107,N/A,11.000,96.000,68.000,1905.000,7001.000,1.025,1951.000,1961.000,N/A,N/A,N/A,N/A,N/A,N/A,N/A
90.698,43160,114.000,91.000,13.179,N/A,11.000,99.000,68.000,1905.000,7001.000,1.018,1967.000,1972.000,N/A,N/A,N/A,N/A,N/A,N/A,N/A
91.134,43160,114.000,91.000,13.179,N/A,11.000,99.000,68.000,1905.000,7001.000,1.018,1967.000,1972.000,N/A,N/A,N/A,N/A,N/A,N/A,N/A
91.677,43160,114.000,90.000,12.710,N/A,6.000,99.000,68.000,1905.000,7001.000,1.025,1974.000,1978.000,N/A,N/A,N/A,N/A,N/A,N/A,N/A
92.220,43160,114.000,90.000,12.710,N/A,6.000,99.000,68.000,1905.000,7001.000,1.025,1974.000,1978.000,N/A,N/A,N/A,N/A,N/A,N/A,N/A
92.654,43160,114.000,90.000,13.306,N/A,6.000,99.000,68.000,1905.000,7001.000,1.037,1988.000,1986.000,N/A,N/A,N/A,N/A,N/A,N/A,N/A
93.196,43160,114.000,90.000,13.306,N/A,6.000,99.000,68.000,1905.000,7001.000,1.037,1988.000,1986.000,N/A,N/A,N/A,N/A,N/A,N/A,N/A
93.631,43160,114.000,88.000,12.841,N/A,10.000,99.000,67.000,1890.000,7001.000,1.025,1999.000,1998.000,N/A,N/A,N/A,N/A,N/A,N/A,N/A
94.173,43160,114.000,88.000,12.841,N/A,10.000,99.000,67.000,1890.000,7001.000,1.025,1999.000,1998.000,N/A,N/A,N/A,N/A,N/A,N/A,N/A
94.715,43160,114.000,88.000,13.181,N/A,8.000,99.000,68.000,1890.000,7001.000,1.025,2006.000,2007.000,N/A,N/A,N/A,N/A,N/A,N/A,N/A
95.151,43160,114.000,88.000,13.181,N/A,8.000,99.000,68.000,1890.000,7001.000,1.025,2006.000,2007.000,N/A,N/A,N/A,N/A,N/A,N/A,N/A
95.693,43160,112.000,85.000,13.344,N/A,7.000,99.000,68.000,1905.000,7001.000,1.025,2009.000,2010.000,N/A,N/A,N/A,N/A,N/A,N/A,N/A
96.129,43160,112.000,85.000,13.344,N/A,7.000,99.000,68.000,1905.000,7001.000,1.025,2009.000,2010.000,N/A,N/A,N/A,N/A,N/A,N/A,N/A
96.669,43160,110.000,80.000,14.537,N/A,6.000,99.000,68.000,1905.000,7001.000,1.025,2015.000,2015.000,N/A,N/A,N/A,N/A,N/A,N/A,N/A
97.212,43160,110.000,80.000,14.537,N/A,6.000,99.000,68.000,1905.000,7001.000,1.025,2015.000,2015.000,N/A,N/A,N/A,N/A,N/A,N/A,N/A
97.643,43160,105.000,47.000,13.799,N/A,14.000,92.000,67.000,1905.000,7001.000,1.025,2022.000,2020.000,N/A,N/A,N/A,N/A,N/A,N/A,N/A
98.186,43160,105.000,47.000,13.799,N/A,14.000,92.000,67.000,1905.000,7001.000,1.025,2022.000,2020.000,N/A,N/A,N/A,N/A,N/A,N/A,N/A
98.728,43160,115.000,84.000,12.437,N/A,5.000,99.000,68.000,1905.000,7001.000,1.037,2031.000,2028.000,N/A,N/A,N/A,N/A,N/A,N/A,N/A
99.163,43160,115.000,84.000,12.437,N/A,5.000,99.000,68.000,1905.000,7001.000,1.037,2031.000,2028.000,N/A,N/A,N/A,N/A,N/A,N/A,N/A
99.705,43160,131.000,96.000,10.116,N/A,5.000,99.000,68.000,1905.000,7001.000,1.025,2036.000,2032.000,N/A,N/A,N/A,N/A,N/A,N/A,N/A
100.140,43160,131.000,96.000,10.116,N/A,5.000,99.000,68.000,1905.000,7001.000,1.025,2036.000,2032.000,N/A,N/A,N/A,N/A,N/A,N/A,N/A
100.684,43160,116.000,84.000,13.738,N/A,7.000,99.000,69.000,1905.000,7001.000,1.025,2038.000,2036.000,N/A,N/A,N/A,N/A,N/A,N/A,N/A
101.226,43160,116.000,84.000,13.738,N/A,7.000,99.000,69.000,1905.000,7001.000,1.025,2038.000,2036.000,N/A,N/A,N/A,N/A,N/A,N/A,N/A
101.659,43160,127.000,88.000,11.311,N/A,11.000,99.000,68.000,1905.000,7001.000,1.037,2044.000,2041.000,N/A,N/A,N/A,N/A,N/A,N/A,N/A
102.201,43160,127.000,88.000,11.311,N/A,11.000,99.000,68.000,1905.000,7001.000,1.037,2044.000,2041.000,N/A,N/A,N/A,N/A,N/A,N/A,N/A
102.742,43160,130.000,102.000,12.497,N/A,5.000,99.000,69.000,1905.000,7001.000,1.018,2054.000,2050.000,N/A,N/A,N/A,N/A,N/A,N/A,N/A
103.177,43160,130.000,102.000,12.497,N/A,5.000,99.000,69.000,1905.000,7001.000,1.018,2054.000,2050.000,N/A,N/A,N/A,N/A,N/A,N/A,N/A
103.719,43160,130.000,98.000,13.318,N/A,8.000,99.000,69.000,1890.000,7001.000,1.006,2058.000,2053.000,N/A,N/A,N/A,N/A,N/A,N/A,N/A
104.152,43160,130.000,98.000,13.318,N/A,8.000,99.000,69.000,1890.000,7001.000,1.006,2058.000,2053.000,N/A,N/A,N/A,N/A,N/A,N/A,N/A
104.696,43160,122.000,98.000,13.110,N/A,5.000,99.000,68.000,1890.000,7001.000,1.018,2061.000,2059.000,N/A,N/A,N/A,N/A,N/A,N/A,N/A
105.238,43160,122.000,98.000,13.110,N/A,5.000,99.000,68.000,1890.000,7001.000,1.018,2061.000,2059.000,N/A,N/A,N/A,N/A,N/A,N/A,N/A
105.671,43160,121.000,83.000,14.272,N/A,6.000,99.000,69.000,1890.000,7001.000,1.018,2069.000,2069.000,N/A,N/A,N/A,N/A,N/A,N/A,N/A
106.215,43160,121.000,83.000,14.272,N/A,6.000,99.000,69.000,1890.000,7001.000,1.018,2069.000,2069.000,N/A,N/A,N/A,N/A,N/A,N/A,N/A
106.759,43160,122.000,77.000,14.966,N/A,4.000,99.000,68.000,1890.000,7001.000,1.018,2071.000,2071.000,N/A,N/A,N/A,N/A,N/A,N/A,N/A
107.192,43160,122.000,77.000,14.966,N/A,4.000,99.000,68.000,1890.000,7001.000,1.018,2071.000,2071.000,N/A,N/A,N/A,N/A,N/A,N/A,N/A
107.736,43160,123.000,75.000,12.293,N/A,7.000,99.000,68.000,1890.000,7001.000,1.018,2072.000,2074.000,N/A,N/A,N/A,N/A,N/A,N/A,N/A
108.171,43160,123.000,75.000,12.293,N/A,7.000,99.000,68.000,1890.000,7001.000,1.018,2072.000,2074.000,N/A,N/A,N/A,N/A,N/A,N/A,N/A
