citric acid,chlorides,free sulfur dioxide,density,sulphates,alcohol,quality
0.53,0.07,5.0,0.9972,0.65,11.0,8
0.64,0.111,6.0,0.997,0.66,11.7,6
0.1,0.053,13.0,0.99362,0.5,11.9,5
0.65,0.068,7.0,0.9988,0.68,11.3,6
0.32,0.08,24.0,0.99624,0.85,11.0,6
0.58,0.054,7.0,0.998,0.88,10.5,7
0.54,0.114,3.0,0.99719,0.57,10.3,4
0.04,0.085,19.0,0.9958,0.78,9.5,5
0.02,0.067,4.0,0.997,0.68,9.5,5
0.39,0.08,41.0,0.99652,0.73,10.9,6
0.37,0.214,55.0,1.00369,0.77,9.0,6
0.19,0.081,17.0,0.9962,0.54,9.5,5
0.21,0.047,26.0,0.99661,0.77,9.7,6
0.67,0.093,6.0,0.9986,0.93,12.0,6
0.24,0.08,4.0,0.9962,0.59,9.5,5
0.0,0.069,8.0,0.99701,0.53,10.0,6
0.36,0.065,5.0,0.99419,0.54,11.2,7
0.3,0.074,17.0,0.99419,0.7,11.4,8
0.54,0.094,28.0,0.9984,0.82,9.6,5
0.0,0.068,10.0,0.9956,0.72,11.1,6
0.58,0.094,9.0,1.0004,0.58,9.0,5
0.0,0.079,6.0,0.9948,0.54,11.5,6
0.26,0.088,16.0,0.99694,0.47,9.4,5
0.3,0.08,33.0,0.9969,0.65,9.5,6
0.32,0.067,4.0,0.9928,0.55,12.8,7
0.25,0.078,19.0,0.99612,0.48,10.2,5
0.42,0.08,11.0,0.9974,0.8,9.4,6
0.21,0.074,16.0,0.99842,0.72,9.25,6
0.36,0.222,6.0,0.998,0.6,9.5,6
0.43,0.068,29.0,0.9943,0.6,12.2,6
0.68,0.05,37.5,0.99316,0.51,12.3,7
0.18,0.078,5.0,0.9967,0.48,9.8,6
0.0,0.042,3.0,0.9944,0.85,11.7,6
0.1,0.084,9.0,0.9976,0.49,9.7,5
0.49,0.118,10.0,1.0002,0.56,11.7,6
0.39,0.041,4.0,0.99386,0.71,12.5,7
0.24,0.084,5.0,0.9972,0.77,10.7,6
0.33,0.074,27.0,0.99706,0.58,9.0,5
0.13,0.097,24.0,0.99785,0.61,9.4,5
0.04,0.082,10.0,0.9976,0.44,9.6,5
0.2,0.049,24.0,0.9935,0.57,11.7,6
0.53,0.074,6.0,0.9962,1.13,12.0,7
0.13,0.096,14.0,0.9984,0.62,9.1,6
0.4,0.073,10.0,0.9984,0.75,10.2,6
0.05,0.066,9.0,0.99496,0.78,10.6,5
0.39,0.074,29.0,0.99528,0.88,12.4,7
0.48,0.09,5.0,0.9986,0.53,10.5,5
0.33,0.089,35.0,0.9972,0.73,11.8,7
0.24,0.072,15.0,0.9956,0.66,12.8,6
0.48,0.093,6.0,0.99408,0.62,12.4,7
0.16,0.101,13.0,0.9962,0.57,11.0,5
0.0,0.083,17.0,0.99437,0.55,11.2,4
0.37,0.11,11.0,1.0026,0.64,10.4,6
0.74,0.095,9.0,0.9994,0.77,10.8,7
0.34,0.071,45.0,0.99769,0.86,10.2,7
0.22,0.08,9.0,0.9974,0.55,9.5,5
0.06,0.074,9.0,0.99615,0.48,9.8,6
0.39,0.08,41.0,0.99652,0.73,10.9,6
0.55,0.084,6.0,1.0,0.71,9.5,6
0.05,0.086,4.0,0.9962,0.39,10.9,5
0.63,0.073,7.0,0.99974,0.69,10.9,6
0.46,0.059,11.0,0.9966,0.76,10.1,6
0.24,0.066,18.0,0.9956,0.62,10.4,5
0.12,0.083,15.0,0.9966,0.66,9.8,5
0.0,0.102,7.0,0.99586,0.46,10.0,5
0.68,0.403,19.0,0.99632,1.15,9.3,5
0.4,0.056,11.0,0.9967,0.87,8.7,6
0.24,0.07,5.0,0.9966,0.59,9.9,5
0.21,0.069,4.0,0.99458,0.54,9.8,6
0.11,0.075,16.0,0.99545,0.79,9.5,5
0.5,0.104,6.0,0.99643,0.65,11.6,7
0.65,0.08,3.0,0.99817,0.58,11.0,5
0.01,0.057,15.0,0.99488,0.46,11.2,6
0.49,0.075,3.0,0.9969,0.63,10.4,5
0.25,0.086,5.0,0.99464,0.44,10.1,5
0.06,0.083,8.0,0.99855,0.73,9.6,5
0.15,0.073,11.0,0.999,0.49,9.9,5
0.46,0.114,7.0,0.99647,0.63,10.5,5
0.44,0.147,36.0,0.99836,0.86,9.9,4
0.29,0.078,29.0,0.9971,0.59,9.5,6
0.28,0.012,36.0,0.99064,0.39,11.7,7
0.58,0.096,25.0,1.00024,0.53,10.0,5
0.26,0.074,4.0,0.9971,0.74,9.2,5
0.23,0.059,5.0,0.997,0.56,11.3,5
0.54,0.065,7.0,0.99531,0.53,12.5,6
0.14,0.078,7.0,0.99592,0.62,9.3,5
0.25,0.07,3.0,0.9963,0.63,9.2,5
0.07,0.102,32.0,1.00015,0.71,9.8,5
0.04,0.061,11.0,0.99588,0.65,10.4,6
0.42,0.084,19.0,0.99545,0.73,11.9,6
0.41,0.091,6.0,0.998,0.7,9.7,5
0.34,0.094,12.0,0.99796,0.66,10.1,5
0.31,0.084,24.0,0.9984,0.61,9.4,5
0.03,0.078,7.0,0.99587,0.39,9.5,5
0.51,0.422,16.0,0.9979,1.17,9.0,5
0.2,0.069,3.0,0.9958,0.56,9.2,5
0.01,0.074,13.0,0.99748,0.65,9.8,5
0.19,0.077,16.0,0.9966,0.51,10.5,5
0.25,0.084,4.0,0.99464,0.44,10.1,5
0.04,0.077,7.0,0.9987,0.91,9.4,6
0.27,0.055,14.0,0.99516,0.8,11.2,5
0.07,0.074,5.0,0.9973,0.81,9.6,6
0.37,0.057,43.0,0.99408,0.81,12.0,6
0.36,0.064,53.0,0.99604,0.87,11.0,7
0.15,0.118,13.0,0.9954,0.67,11.3,6
0.28,0.066,13.0,0.9968,0.73,9.7,7
0.51,0.08,10.0,0.9982,0.89,9.4,6
0.49,0.082,9.0,0.99484,0.52,12.5,7
0.49,0.075,6.0,0.9977,1.06,11.0,6
0.39,0.082,12.0,0.9985,0.62,10.7,6
0.13,0.076,29.0,0.99574,0.75,11.0,6
0.49,0.07,10.0,1.0003,0.91,11.0,6
0.06,0.063,29.0,0.99489,0.83,10.3,6
0.23,0.099,14.0,0.9973,0.7,9.4,5
0.48,0.067,26.0,0.9967,1.04,10.6,6
0.0,0.104,14.0,0.9966,0.55,10.7,6
0.3,0.068,20.0,0.99914,1.17,10.2,5
0.05,0.082,3.0,0.99808,0.52,10.2,3
0.05,0.079,6.0,0.99735,0.63,9.3,5
0.18,0.083,6.0,0.9963,0.6,10.2,6
0.12,0.097,19.0,0.99596,0.49,9.4,5
0.0,0.099,9.0,0.99606,0.6,9.7,5
0.66,0.387,12.0,0.9982,0.67,9.6,5
0.26,0.073,24.0,0.99612,0.53,9.8,5
0.21,0.08,33.0,0.9962,0.51,9.9,5
0.13,0.058,18.0,0.99573,0.68,9.9,6
0.49,0.085,10.0,0.9994,0.63,10.5,6
0.76,0.611,8.0,0.9968,1.26,9.4,5
0.0,0.166,4.0,0.99608,0.52,10.0,5
0.21,0.081,14.0,0.99689,0.66,9.8,5
0.42,0.08,11.0,0.9974,0.8,9.4,6
0.02,0.078,8.0,0.99498,0.62,10.4,6
0.34,0.075,18.0,0.9933,0.88,13.6,7
0.51,0.104,4.0,0.9996,0.97,10.1,6
0.27,0.084,31.0,0.9978,0.53,9.4,5
0.49,0.095,10.0,1.00315,0.74,11.1,5
0.45,0.073,5.0,0.9976,0.82,12.6,8
0.05,0.073,19.0,0.99258,0.55,12.9,5
0.44,0.038,21.0,0.99526,0.81,10.8,7
0.4,0.058,6.0,0.99536,0.68,11.2,7
0.58,0.103,28.0,1.0008,1.0,11.5,6
0.42,0.071,28.0,0.9973,0.71,10.5,5
0.37,0.046,23.0,0.9971,0.71,12.1,6
0.1,0.063,34.0,0.9958,0.67,9.7,5
0.19,0.093,11.0,0.99736,0.59,9.2,4
0.17,0.168,52.0,0.99736,0.5,9.5,5
0.12,0.073,40.0,0.9993,0.52,9.4,6
0.56,0.092,35.0,0.9969,0.75,10.5,7
0.5,0.079,28.0,0.9997,0.57,9.7,5
0.13,0.075,15.0,0.9959,0.59,9.7,6
0.37,0.086,26.0,0.9981,0.52,9.9,5
0.14,0.07,27.0,0.99669,0.48,9.2,5
0.49,0.098,12.0,1.0004,0.61,10.3,5
0.42,0.064,14.0,0.99758,0.57,10.4,6
0.22,0.087,6.0,0.9982,0.61,9.3,5
0.34,0.062,8.0,0.9974,0.94,10.9,6
0.48,0.097,39.0,0.9975,1.03,9.3,5
0.53,0.413,9.0,0.9979,1.06,9.1,6
0.3,0.157,2.0,0.99727,0.91,9.5,6
0.44,0.085,9.0,0.99708,0.55,9.5,5
0.02,0.07,36.0,0.9952,0.58,9.8,5
0.04,0.076,18.0,0.99745,0.55,9.5,5
0.42,0.098,3.0,0.99506,0.55,12.3,6
0.49,0.089,5.0,1.0002,0.44,9.6,5
0.44,0.071,21.0,0.9992,0.63,9.5,5
0.02,0.076,16.0,0.9972,0.52,9.3,5
0.54,0.085,19.0,1.0,0.61,10.5,6
0.26,0.062,9.0,0.9966,0.64,9.6,5
0.42,0.086,9.0,0.99526,0.66,11.6,6
0.25,0.071,23.0,0.99633,0.97,10.6,5
0.66,0.116,12.0,0.997,0.75,11.7,7
0.37,0.067,6.0,0.99552,0.58,11.1,7
0.52,0.159,15.0,0.9998,0.64,9.4,5
0.44,0.061,24.0,0.99484,0.8,11.6,7
0.24,0.072,15.0,0.996,0.54,9.4,6
0.02,0.077,11.0,0.99557,0.62,10.8,6
0.35,0.092,24.0,0.99798,0.69,10.5,6
0.4,0.049,38.0,0.996,0.93,11.3,5
0.18,0.089,12.0,0.99738,0.54,9.4,5
0.18,0.077,15.0,0.99739,0.47,9.7,6
0.4,0.079,19.0,0.998,0.64,9.2,5
0.01,0.064,31.0,0.99371,0.57,11.8,6
0.03,0.086,36.0,0.99522,0.57,10.6,5
0.27,0.078,24.0,0.9984,0.67,10.6,6
0.53,0.07,5.0,0.9972,0.65,11.0,8
0.2,0.097,23.0,0.99733,0.48,9.2,5
0.16,0.078,12.0,0.9977,0.7,9.9,6
0.03,0.072,17.0,0.9956,0.48,9.0,4
0.09,0.172,7.0,0.994,0.48,9.8,4
0.04,0.082,10.0,0.9976,0.44,9.6,5
0.02,0.071,10.0,0.99538,0.71,11.7,7
0.46,0.074,5.0,0.99649,0.74,12.3,6
0.09,0.067,5.0,0.99418,0.57,11.8,6
0.12,0.082,30.0,0.99865,0.64,10.4,6
0.22,0.071,13.0,0.99438,0.83,11.3,6
0.09,0.053,24.0,0.99402,0.6,11.3,5
0.06,0.061,12.0,0.9948,0.43,11.4,4
0.1,0.089,17.0,0.99803,0.55,9.5,5
0.26,0.096,5.0,0.99738,0.42,9.6,5
0.45,0.057,19.0,0.99498,0.89,11.1,7
0.24,0.067,28.0,0.99576,0.54,10.0,4
0.46,0.073,5.0,1.0001,0.64,9.5,5
0.74,0.1,5.0,0.9996,0.62,11.2,5
0.08,0.077,24.0,0.99528,0.68,10.3,6
0.26,0.107,31.0,0.99668,0.46,9.2,5
0.34,0.05,4.0,0.9951,0.64,11.0,7
0.17,0.099,21.0,0.998,0.52,9.3,5
0.49,0.079,28.0,0.9993,0.8,10.2,6
0.41,0.068,10.0,0.99523,0.85,11.7,7
0.32,0.088,22.0,0.9979,0.62,10.1,5
0.38,0.06,19.0,0.99543,0.72,11.8,6
0.27,0.082,23.0,0.99782,0.55,9.4,5
0.21,0.074,16.0,0.99842,0.72,9.23333333333333,6
0.2,0.073,29.0,0.9977,0.54,9.2,5
0.32,0.066,26.0,0.99456,0.72,11.8,6
0.09,0.063,9.0,0.99444,0.69,11.3,6
0.64,0.107,6.0,0.9973,0.66,11.8,7
0.38,0.068,23.0,0.99356,0.72,12.9,7
0.0,0.044,14.0,0.99264,0.94,12.9,7
0.28,0.368,16.0,0.9968,1.28,9.3,5
0.0,0.095,48.0,0.99541,0.7,11.5,6
0.66,0.088,6.0,0.9988,0.99,13.3,6
0.25,0.074,21.0,0.9974,0.62,9.8,6
0.0,0.068,30.0,0.99533,0.65,11.4,6
0.31,0.074,9.0,0.9962,0.54,9.4,6
0.33,0.061,52.0,0.99786,0.9,10.2,6
0.19,0.104,12.0,0.9964,0.93,9.5,5
0.22,0.082,43.0,0.99499,0.42,9.2,5
0.15,0.078,10.0,0.99609,0.51,9.9,6
0.42,0.075,12.0,0.99434,0.71,11.8,7
0.4,0.05,3.0,0.99566,0.56,12.0,4
0.64,0.093,9.0,0.9986,0.66,10.5,5
0.3,0.084,11.0,0.9972,0.61,10.2,6
0.16,0.12,3.0,0.99454,0.58,11.2,6
0.48,0.072,10.0,0.9973,0.79,12.2,7
0.13,0.088,4.0,0.9994,0.52,11.5,5
0.6,0.104,10.0,0.99828,0.68,10.6,5
0.08,0.07,13.0,0.99358,0.72,12.5,7
0.51,0.415,12.0,0.99623,1.17,9.2,5
0.19,0.17,51.0,0.9986,0.93,9.2,5
0.33,0.059,16.0,0.99531,0.64,10.1,6
0.24,0.105,29.0,0.9998,0.67,9.9,5
0.02,0.084,13.0,0.99538,0.54,10.5,6
0.38,0.058,31.0,0.99676,0.82,10.6,7
0.14,0.078,10.0,0.99636,0.61,10.4,5
0.06,0.079,5.0,0.9967,0.56,9.8,5
0.0,0.137,5.0,0.99476,0.4,10.9,3
0.03,0.07,10.0,0.99575,0.57,10.0,5
0.08,0.071,11.0,0.99646,0.63,11.6,6
0.26,0.079,13.0,0.99712,0.62,10.0,5
0.07,0.089,17.0,0.9958,0.54,10.1,5
0.08,0.084,15.0,0.9968,0.59,10.0,5
0.24,0.05,32.0,0.9934,0.62,11.5,5
0.66,0.072,6.0,0.9992,0.56,10.0,5
0.7,0.098,25.0,0.9972,0.53,9.0,5
0.0,0.082,3.0,0.9964,0.48,10.9,5
0.36,0.053,5.0,0.9982,0.42,10.0,6
0.33,0.099,20.0,0.99818,0.71,10.8,5
0.56,0.073,3.0,0.99534,0.73,11.4,6
0.0,0.19,12.0,0.99676,0.6,9.4,6
0.39,0.079,28.0,0.99729,0.59,9.8,5
0.1,0.075,6.0,0.99581,0.43,9.7,6
0.22,0.105,11.0,1.001,0.64,11.3,4
0.29,0.157,1.0,0.9973,0.92,9.5,6
0.4,0.092,13.0,0.99834,0.64,10.0,7
0.31,0.069,26.0,0.99625,0.53,9.3,5
0.34,0.073,16.0,0.99594,0.78,11.3,7
0.12,0.092,29.0,0.9967,0.7,10.3,6
0.27,0.083,17.0,0.99616,0.58,9.8,6
0.12,0.075,32.0,0.99547,0.71,10.2,5
0.13,0.077,25.0,0.99629,0.59,9.2,5
0.48,0.063,6.0,0.9998,0.59,9.3,6
0.26,0.111,7.0,0.99709,0.98,10.2,5
0.47,0.085,9.0,0.99736,0.77,12.1,7
0.46,0.074,24.0,0.99534,0.85,11.0,7
0.02,0.078,6.0,0.996,0.63,9.95,3
0.41,0.073,7.0,0.99658,0.62,12.1,7
0.47,0.086,21.0,0.997,0.57,9.1,5
0.14,0.076,15.0,0.99624,0.49,10.7,5
0.3,0.059,20.0,0.9949,0.47,10.8,6
0.04,0.092,15.0,0.997,0.65,9.8,5
0.18,0.069,13.0,0.9967,0.48,9.2,6
0.0,0.075,3.0,0.998,0.52,9.2,5
0.33,0.063,13.0,0.99516,0.84,11.7,7
0.15,0.076,19.0,0.9961,0.59,10.1,5
0.51,0.341,17.0,0.9969,1.08,9.2,6
0.09,0.062,4.0,0.99584,0.54,10.5,5
0.0,0.096,11.0,0.9994,0.83,9.4,6
0.12,0.111,50.0,0.9983,0.77,9.4,5
0.39,0.062,3.0,0.9948,0.57,11.5,7
0.42,0.071,7.0,0.99566,0.79,11.1,7
0.48,0.066,6.0,0.99724,0.87,10.9,6
0.0,0.115,21.0,0.99629,0.63,10.3,5
0.49,0.099,47.0,0.9979,0.99,9.8,5
0.14,0.067,10.0,0.9969,0.59,9.5,5
0.0,0.064,7.0,0.99562,0.58,11.3,6
0.47,0.066,6.0,0.9978,0.9,11.0,7
0.44,0.08,22.0,0.9988,0.67,9.7,6
0.21,0.071,7.0,0.9964,0.55,9.7,5
0.49,0.25,5.0,0.999,0.79,10.7,6
0.03,0.086,14.0,0.9969,0.46,10.3,5
0.49,0.171,6.0,0.9975,0.61,9.4,6
0.24,0.092,14.0,0.998,0.74,10.0,6
0.18,0.079,18.0,0.9968,0.57,9.3,6
0.68,0.085,17.0,1.0014,0.8,10.0,6
0.46,0.081,6.0,0.99628,0.48,10.4,6
0.44,0.071,6.0,0.9986,0.82,9.3,6
0.55,0.062,5.0,0.9971,0.79,10.6,5
0.12,0.068,11.0,0.996,0.61,11.6,6
0.17,0.058,17.0,0.9932,0.6,12.9,6
0.29,0.098,5.0,0.9988,0.49,9.1,5
0.17,0.087,20.0,1.0004,0.61,9.4,5
0.56,0.153,5.0,0.99476,1.03,11.6,6
0.01,0.08,8.0,0.99746,0.73,10.5,5
0.59,0.152,6.0,0.9986,1.05,9.4,5
0.19,0.075,15.0,0.9956,0.52,12.7,6
0.02,0.034,18.0,0.9921,0.62,12.8,6
0.01,0.077,3.0,0.995,0.46,9.8,5
0.65,0.063,6.0,0.9997,0.57,9.9,5
0.31,0.079,21.0,0.99668,0.55,9.5,6
0.51,0.071,45.0,0.99524,0.76,11.8,7
0.28,0.077,11.0,0.9978,0.61,10.0,6
0.47,0.118,6.0,0.9982,0.75,9.8,6
0.0,0.095,17.0,0.99822,0.6,10.4,6
0.24,0.117,31.0,1.0014,1.07,9.3,5
0.0,0.086,5.0,0.9986,0.55,9.6,6
0.24,0.078,10.0,0.99692,0.67,10.0,5
0.17,0.096,20.0,0.9978,0.53,9.5,5
0.1,0.115,5.0,0.9984,0.69,10.1,7
0.04,0.076,17.0,0.9964,0.56,10.0,6
0.07,0.074,5.0,0.9973,0.81,9.6,6
0.03,0.054,7.0,0.99508,0.63,11.5,6
0.49,0.085,38.0,0.9978,0.55,9.4,5
0.05,0.081,26.0,0.99814,0.53,10.0,5
0.46,0.095,20.0,0.99488,0.56,11.3,6
0.63,0.091,6.0,1.0004,0.49,9.5,5
0.15,0.11,33.0,0.9955,0.63,10.2,6
0.04,0.068,6.0,0.9955,0.64,9.4,6
0.22,0.078,21.0,0.99633,0.6,9.5,6
0.31,0.079,10.0,0.99677,0.69,9.5,6
0.53,0.101,3.0,0.99586,0.59,12.1,7
0.19,0.081,15.0,0.9962,0.54,9.5,5
0.36,0.056,10.0,0.99562,0.69,11.8,5
0.05,0.107,6.0,0.9972,0.63,10.1,5
0.0,0.052,6.0,0.99318,0.66,12.7,7
0.02,0.078,18.0,0.99712,0.75,9.8,5
0.59,0.087,13.0,0.9988,0.65,11.0,6
0.35,0.061,6.0,0.99524,0.74,11.8,7
0.52,0.071,6.0,0.9968,0.72,10.2,7
0.24,0.078,10.0,0.9983,0.78,9.5,6
0.44,0.071,21.0,0.9992,0.63,9.5,5
0.18,0.076,17.0,0.9975,0.59,10.0,5
0.36,0.081,30.0,0.997,0.56,9.4,5
0.4,0.11,12.0,0.99549,0.7,12.0,7
0.54,0.095,22.0,0.99735,0.76,9.9,7
0.24,0.095,19.0,0.9946,0.57,11.7,6
0.49,0.073,19.0,0.9978,0.61,9.5,5
0.44,0.089,11.0,0.9975,0.61,10.5,6
0.24,0.078,28.0,0.99788,0.57,9.5,5
0.15,0.076,13.0,0.99622,0.6,11.9,6
0.68,0.085,17.0,1.0014,0.8,10.0,6
0.0,0.093,51.0,0.99558,0.45,9.5,5
0.64,0.093,9.0,0.9986,0.66,10.5,5
0.43,0.171,27.0,0.9982,0.76,10.8,6
0.1,0.092,3.0,0.99745,0.65,9.55,6
0.5,0.107,5.0,0.998,0.83,11.5,5
0.38,0.063,10.0,0.99468,0.73,12.0,7
0.33,0.068,9.0,0.9947,0.6,11.9,6
0.15,0.097,9.0,0.99976,0.54,9.6,5
0.08,0.071,14.0,0.99336,0.54,11.0,5
0.32,0.054,6.0,0.99572,0.56,11.5,4
0.49,0.074,10.0,0.9976,0.66,9.9,7
0.21,0.092,33.0,0.99823,0.52,9.2,5
0.69,0.09,6.0,1.0,0.62,9.2,6
0.35,0.075,9.0,0.99672,0.83,11.2,7
0.21,0.106,10.0,0.9966,0.91,9.5,5
0.0,0.093,19.0,1.0002,0.65,9.3,6
0.0,0.076,11.0,0.9978,0.56,9.4,5
0.38,0.066,29.0,0.99577,0.79,12.1,7
0.0,0.044,18.0,0.99157,0.73,13.6,7
0.6,0.074,17.0,0.99814,0.72,10.6,6
0.32,0.065,34.0,0.99714,0.78,9.9,5
0.6,0.112,12.0,0.9973,0.52,9.2,5
0.39,0.083,21.0,0.9989,0.71,11.5,7
0.48,0.063,6.0,0.9998,0.59,9.3,6
0.22,0.084,18.0,0.9961,0.48,9.5,5
0.02,0.062,15.0,0.99627,0.6,11.0,6
0.42,0.081,25.0,0.997,0.71,11.4,6
0.66,0.083,7.0,1.0022,0.73,10.0,7
0.34,0.093,16.0,0.9998,0.61,9.5,5
0.11,0.084,8.0,0.99578,0.47,9.7,5
0.26,0.083,13.0,0.99586,0.52,9.9,5
0.26,0.096,5.0,0.99738,0.42,9.6,5
0.02,0.069,19.0,0.99387,0.66,12.6,6
0.31,0.089,15.0,0.9979,0.92,10.0,6
0.12,0.092,12.0,0.9994,0.72,10.0,5
0.65,0.093,15.0,0.9996,0.61,10.6,5
0.59,0.073,23.0,0.998,0.68,10.5,7
0.13,0.076,12.0,0.99546,0.54,10.1,5
0.2,0.047,15.0,0.9955,0.44,10.9,5
0.41,0.084,7.0,0.9984,0.67,9.3,6
0.0,0.073,12.0,0.9969,0.5,9.3,5
0.22,0.08,25.0,0.99613,0.49,9.9,5
0.32,0.062,15.0,0.9947,0.73,11.3,7
0.52,0.122,37.0,0.9969,0.69,9.3,5
0.02,0.082,24.0,0.99744,0.53,9.7,6
0.3,0.074,32.0,0.99717,0.61,9.0,5
0.2,0.076,10.0,0.99735,0.64,9.4,5
0.08,0.045,19.0,0.9949,0.49,11.4,6
0.49,0.122,34.0,1.001,1.14,9.3,5
0.43,0.076,22.0,0.99572,1.16,10.6,6
0.0,0.098,25.0,0.9968,0.68,9.8,5
0.34,0.066,15.0,0.9947,0.78,11.8,6
0.54,0.083,42.0,0.99451,0.63,11.8,8
0.34,0.112,23.0,1.00289,0.68,9.3,5
0.33,0.076,11.0,0.99599,0.81,11.0,6
0.02,0.122,68.0,0.9994,0.53,9.9,5
0.16,0.065,3.0,0.9962,0.92,10.5,7
0.54,0.103,19.0,0.99939,0.76,11.3,6
0.19,0.082,15.0,0.99655,0.68,10.5,5
0.42,0.213,6.0,0.9994,0.62,9.5,6
0.39,0.059,7.0,0.99331,0.52,11.5,6
0.39,0.106,8.0,0.9986,0.5,9.6,5
0.63,0.081,16.0,0.99588,0.78,10.8,6
0.63,0.089,6.0,1.0014,0.81,10.8,6
0.14,0.064,15.0,0.99323,0.61,12.1,6
0.39,0.1,20.0,0.99546,0.69,11.2,6
0.54,0.105,5.0,0.9988,0.63,9.5,5
0.08,0.082,26.0,0.99641,0.51,9.4,5
0.49,0.097,33.0,0.9962,0.77,11.4,6
0.31,0.069,13.0,0.9958,0.54,9.9,6
0.2,0.073,34.0,0.99494,0.43,9.3,5
0.47,0.063,9.0,0.9981,0.65,10.8,6
0.24,0.226,5.0,0.9991,0.6,9.0,6
0.12,0.165,4.0,0.99702,0.86,9.2,5
0.26,0.09,23.0,0.9953,0.62,12.2,6
0.06,0.076,9.0,0.9972,0.7,9.6,6
0.44,0.214,5.0,0.9994,0.63,9.5,6
0.35,0.074,21.0,0.9974,0.56,9.2,5
0.31,0.084,26.0,0.99824,0.64,10.1,6
0.43,0.11,11.0,0.99728,0.67,10.8,5
0.15,0.107,20.0,0.99593,0.5,9.5,5
0.68,0.085,10.0,0.997,0.61,11.8,5
0.32,0.062,15.0,0.9947,0.73,11.3,7
0.01,0.078,17.0,0.9963,0.74,11.7,7
0.38,0.081,34.0,0.99726,0.58,9.8,5
0.0,0.067,40.0,0.9979,0.81,9.9,5
0.03,0.08,6.0,0.99498,0.62,10.1,4
0.37,0.075,5.0,0.998,0.62,9.2,5
0.2,0.098,30.0,0.99892,0.58,9.2,5
0.15,0.054,8.0,0.9934,0.56,13.1,4
0.21,0.081,14.0,0.99689,0.66,9.8,5
0.1,0.086,5.0,0.9958,0.6,11.2,4
0.41,0.056,6.0,0.99396,0.71,11.0,6
0.06,0.06,4.0,0.99592,0.64,10.9,4
0.0,0.08,18.0,0.99765,0.6,9.4,5
0.32,0.087,10.0,0.9991,0.77,10.5,7
0.39,0.066,3.0,0.9947,0.55,11.4,7
0.3,0.068,20.0,0.99914,1.17,10.2,5
0.55,0.073,25.0,0.9997,0.76,10.3,6
0.38,0.169,27.0,0.99914,0.65,8.5,5
1.0,0.61,32.0,0.9996,2.0,9.4,4
0.1,0.085,14.0,0.9964,0.66,9.8,5
0.35,0.067,25.0,0.997,1.36,10.3,6
0.42,0.069,21.0,0.9982,0.72,11.5,6
0.08,0.064,18.0,0.99553,0.65,9.6,6
0.14,0.114,9.0,0.99732,0.65,9.8,5
0.11,0.084,9.0,0.9968,0.53,9.4,5
0.39,0.069,6.0,1.0026,0.66,9.2,5
0.12,0.065,14.0,0.99252,0.53,13.3,6
0.01,0.048,26.0,0.99084,0.75,14.0,6
0.3,0.062,6.0,0.99495,0.72,11.5,7
0.49,0.075,5.0,0.9994,0.57,11.4,5
0.2,0.071,13.0,1.0015,0.69,9.2,6
0.44,0.065,4.0,0.99674,0.62,12.2,6
0.09,0.078,18.0,0.99402,0.54,11.2,6
0.76,0.066,7.0,1.0004,0.6,13.0,7
0.0,0.082,5.0,0.9936,0.44,11.9,6
0.17,0.082,27.0,0.99634,0.64,10.4,5
0.55,0.071,5.0,0.9986,0.62,10.8,6
0.49,0.094,41.0,0.9982,0.61,9.2,5
0.37,0.074,12.0,0.9954,0.58,9.2,5
0.19,0.094,30.0,0.99787,0.5,10.0,6
0.51,0.059,6.0,0.9994,0.6,9.3,6
0.49,0.064,5.0,0.9988,0.73,11.0,6
0.0,0.087,3.0,0.99378,0.63,12.8,7
0.31,0.086,21.0,0.9982,0.91,9.9,6
0.45,0.071,16.0,0.9991,0.62,9.4,5
0.13,0.076,12.0,0.99546,0.54,10.1,5
0.35,0.086,28.0,0.997,0.62,10.8,5
0.24,0.063,10.0,0.99613,0.53,10.2,6
0.11,0.048,16.0,0.99182,0.88,13.6,7
0.07,0.058,5.0,0.99632,0.55,10.9,4
0.47,0.061,6.0,0.99585,0.52,12.0,6
0.33,0.074,24.0,0.9968,0.54,9.4,5
0.42,0.07,9.0,0.99426,0.77,12.7,7
0.49,0.084,32.0,0.9988,0.75,8.7,6
0.0,0.09,8.0,0.9974,0.73,9.3,5
0.26,0.088,23.0,0.9981,0.74,9.2,6
0.29,0.086,5.0,0.99502,0.62,11.5,6
0.0,0.102,8.0,0.9965,0.56,10.7,5
0.76,0.1,6.0,1.0032,0.68,11.2,7
0.0,0.097,14.0,0.99675,0.58,9.0,6
0.47,0.054,17.0,0.99686,0.67,10.6,7
0.24,0.078,1.0,0.999,0.87,10.3,6
0.02,0.069,26.0,0.99358,0.45,11.0,5
0.3,0.065,8.0,0.99774,0.71,10.5,6
0.48,0.077,29.0,0.9968,0.53,9.4,6
0.26,0.073,24.0,0.99612,0.53,9.8,5
0.68,0.414,18.0,0.99652,1.33,9.1,6
0.02,0.072,17.0,0.9955,0.89,12.3,7
0.66,0.093,12.0,0.9996,0.63,10.8,7
0.18,0.042,16.0,0.9924,0.87,12.9,7
0.11,0.079,12.0,0.9968,0.57,10.0,5
0.41,0.083,11.0,0.9982,0.5,9.5,5
0.0,0.077,18.0,0.9965,0.6,10.0,6
0.48,0.082,14.0,0.9972,0.55,9.2,5
0.27,0.095,5.0,0.99747,0.62,9.1,6
0.54,0.083,25.0,0.9983,0.54,9.2,5
0.39,0.061,7.0,0.9981,0.62,9.5,5
0.39,0.064,12.0,0.9984,0.65,10.2,5
0.21,0.097,29.0,0.9988,0.58,9.6,5
0.49,0.08,8.0,0.9992,0.82,10.3,6
0.24,0.226,5.0,0.9991,0.6,9.0,6
0.14,0.086,9.0,0.99824,0.64,10.5,5
0.07,0.089,11.0,0.9953,0.55,10.4,6
0.0,0.093,11.0,0.9994,0.86,9.4,6
0.13,0.076,12.0,0.99546,0.54,10.1,5
0.3,0.06,38.0,0.9958,0.56,10.2,6
0.24,0.101,20.0,0.9988,0.67,9.6,5
0.56,0.093,6.0,0.99925,0.71,10.9,6
0.39,0.059,7.0,0.99331,0.52,11.5,6
0.0,0.123,6.0,0.99627,0.58,9.8,5
0.1,0.073,25.0,0.99638,0.75,10.9,6
0.19,0.071,18.0,0.99476,0.56,10.9,5
0.19,0.104,12.0,0.9964,0.93,9.5,5
0.12,0.091,34.0,0.9956,0.48,10.5,5
0.26,0.07,35.0,0.9981,0.49,9.4,5
0.58,0.071,5.0,0.998,0.63,10.0,6
0.72,0.072,6.0,0.9987,0.82,9.8,8
0.26,0.08,31.0,0.99622,0.52,9.9,5
0.55,0.076,22.0,0.9996,0.89,9.9,6
0.1,0.048,4.0,0.99448,0.76,10.8,6
0.45,0.082,11.0,1.0,0.7,9.3,6
0.25,0.073,29.0,0.99615,0.58,10.5,6
0.34,0.062,5.0,0.99667,0.67,10.5,6
0.44,0.063,16.0,0.9985,0.78,10.0,6
0.57,0.106,5.0,0.99605,0.55,11.4,6
0.4,0.071,8.0,0.9963,0.73,10.6,6
0.3,0.083,35.0,0.997,0.52,9.4,5
0.52,0.132,17.0,0.99734,0.77,11.5,6
0.07,0.058,22.0,0.99525,0.43,10.7,6
0.44,0.081,28.0,0.99501,0.66,11.2,5
0.45,0.075,10.0,0.99552,0.76,11.9,7
0.15,0.102,11.0,0.99604,0.48,10.0,5
0.0,0.075,12.0,0.9968,0.67,9.2,5
0.33,0.099,20.0,0.99818,0.71,10.8,5
0.25,0.071,23.0,0.99633,0.97,10.6,5
0.49,0.088,15.0,0.9982,0.9,10.0,6
0.02,0.063,35.0,0.9975,0.78,9.9,5
0.04,0.069,8.0,0.9956,0.63,9.4,6
0.36,0.089,14.0,0.99615,0.56,9.2,6
0.0,0.072,27.0,0.9962,0.63,11.0,5
0.0,0.084,9.0,0.99619,0.68,10.9,6
0.2,0.071,13.0,1.0015,0.69,9.2,6
0.24,0.087,5.0,0.9988,0.6,10.2,5
0.56,0.08,6.0,0.9964,0.92,11.7,8
0.24,0.07,5.0,0.996,0.48,9.4,5
0.31,0.086,23.0,1.0002,0.74,11.6,6
0.23,0.08,11.0,0.99538,0.7,10.9,5
0.29,0.087,26.0,0.99645,0.68,11.0,5
0.24,0.102,4.0,0.99462,0.58,11.4,4
0.49,0.078,20.0,0.9992,0.7,10.0,6
0.44,0.098,6.0,0.9956,0.64,11.4,6
0.37,0.091,10.0,0.99786,0.56,10.5,5
0.08,0.071,16.0,0.99376,0.77,11.1,6
0.0,0.095,5.0,0.99854,0.53,9.6,5
0.63,0.084,5.0,0.9998,0.74,11.2,7
0.13,0.076,15.0,0.9973,0.64,9.8,5
0.4,0.065,24.0,0.99554,0.86,11.0,6
0.07,0.1,8.0,0.9961,0.58,9.6,5
0.29,0.11,19.0,0.9972,1.98,9.8,5
0.27,0.092,23.0,0.99471,0.64,12.3,7
0.24,0.087,12.0,0.9998,0.54,9.8,5
0.12,0.067,12.0,0.9971,0.57,9.1,5
0.31,0.086,23.0,1.0002,0.74,11.6,6
0.42,0.07,29.0,0.9973,0.72,10.5,5
0.0,0.065,9.0,0.9972,0.65,9.2,5
0.0,0.267,16.0,0.99471,0.51,9.8,3
0.34,0.062,8.0,0.9974,0.94,10.9,6
0.1,0.062,39.0,0.99512,0.76,11.2,6
0.02,0.085,17.0,0.99589,0.51,10.4,6
0.0,0.097,14.0,0.99675,0.58,9.0,6
0.49,0.094,16.0,0.9986,1.02,10.6,7
0.45,0.071,16.0,0.9991,0.62,9.4,5
0.1,0.068,4.0,0.99562,0.47,10.5,5
0.02,0.072,17.0,0.99575,0.61,10.2,5
0.74,0.075,6.0,1.0008,0.79,8.4,6
0.07,0.086,15.0,0.99502,0.48,10.0,5
0.26,0.089,23.0,0.99636,0.59,9.7,5
0.17,0.065,15.0,0.99514,0.68,10.55,7
0.41,0.086,30.0,0.9998,0.57,9.3,5
0.73,0.074,38.0,0.999,0.85,12.0,7
0.4,0.052,4.0,0.99356,0.7,12.8,7
0.04,0.087,12.0,0.99565,0.6,9.4,4
0.04,0.045,41.0,0.9938,0.48,10.5,4
0.23,0.072,13.0,0.99438,0.84,11.2,6
0.49,0.088,16.0,0.998,0.64,9.1,5
0.31,0.079,26.0,0.99716,0.62,9.5,6
0.0,0.066,34.0,0.9976,0.68,9.9,5
0.5,0.099,19.0,0.99783,0.58,10.4,5
0.28,0.087,23.0,0.998,0.74,9.2,5
0.49,0.039,8.0,0.99344,0.56,12.4,6
0.39,0.054,6.0,0.9976,0.47,10.0,5
0.3,0.088,17.0,0.9976,0.51,9.3,4
0.06,0.079,19.0,0.99697,0.62,10.1,6
0.11,0.084,12.0,0.9979,0.48,9.9,5
0.03,0.079,23.0,0.99572,0.5,11.2,4
0.61,0.076,11.0,1.0,0.69,9.0,5
0.0,0.065,8.0,0.9966,0.84,9.4,5
0.22,0.075,13.0,0.99688,0.54,9.5,6
0.53,0.091,18.0,0.9976,0.8,9.6,6
0.1,0.066,27.0,0.99655,0.51,9.3,5
0.49,0.088,39.0,0.9966,0.78,11.0,5
0.0,0.055,7.0,0.99639,0.56,10.8,5
0.21,0.087,21.0,0.9955,0.44,9.2,5
0.0,0.084,13.0,0.9992,0.45,9.4,5
0.12,0.086,12.0,0.9958,0.52,10.1,5
0.0,0.114,3.0,0.99636,0.6,9.7,6
0.17,0.077,5.0,0.9976,0.55,10.4,5
0.24,0.077,18.0,0.9948,0.6,10.6,6
0.1,0.081,13.0,0.99631,0.66,10.2,5
0.06,0.05,38.0,0.99236,0.5,10.55,6
0.41,0.078,25.0,0.9953,0.77,12.6,7
0.0,0.066,7.0,0.99256,0.58,12.9,5
0.0,0.087,17.0,0.99783,0.53,9.5,5
0.32,0.103,13.0,0.99938,0.62,9.5,5
0.03,0.095,25.0,0.995,0.54,10.1,5
0.06,0.069,15.0,0.9964,0.46,9.4,5
0.3,0.065,8.0,0.99774,0.71,10.5,6
0.44,0.075,10.0,1.00005,0.84,9.2,7
0.43,0.076,31.0,0.99672,0.81,10.4,6
0.27,0.071,14.0,0.99388,0.63,12.0,6
0.22,0.077,12.0,0.9967,0.51,9.2,5
0.15,0.104,29.0,0.99786,0.58,9.1,5
0.28,0.048,13.0,0.99374,0.6,12.8,5
0.26,0.101,16.0,0.9957,0.57,9.4,5
0.24,0.078,27.0,0.99648,0.59,11.1,6
0.44,0.068,17.0,0.99328,0.54,12.4,6
0.0,0.084,6.0,0.99672,0.49,9.7,4
0.05,0.061,20.0,0.99705,0.55,9.7,3
0.69,0.095,17.0,0.9994,0.61,10.8,6
0.17,0.082,21.0,0.996,0.48,9.5,5
0.2,0.081,15.0,0.998,0.59,9.5,5
0.0,0.08,11.0,0.9976,0.53,9.5,5
0.14,0.085,21.0,0.9968,0.63,9.7,6
0.36,0.079,11.0,0.99615,0.86,12.0,7
0.24,0.092,14.0,0.998,0.73,10.0,6
0.52,0.088,12.0,0.99613,0.58,11.1,6
0.52,0.083,14.0,0.9976,0.61,11.3,6
0.33,0.08,24.0,0.99655,0.6,9.5,5
0.39,0.06,21.0,0.99495,0.82,11.0,7
0.21,0.069,4.0,0.99458,0.54,9.8,6
0.21,0.079,8.0,0.997,0.58,9.3,6
0.0,0.089,13.0,0.9978,0.46,9.6,4
0.49,0.067,6.0,0.9987,0.86,10.7,6
0.68,0.415,14.0,0.99656,1.06,9.1,6
0.22,0.077,6.0,0.9988,0.56,10.6,6
0.54,0.084,5.0,0.9987,0.7,9.2,6
0.25,0.103,13.0,0.9957,0.55,9.2,5
0.49,0.086,23.0,0.9976,0.64,9.5,5
0.3,0.083,35.0,0.997,0.52,9.4,5
0.47,0.074,7.0,0.9979,0.46,9.5,5
0.11,0.048,16.0,0.99182,0.88,13.5666666666667,7
0.0,0.065,15.0,0.9946,0.47,10.0,7
0.44,0.104,8.0,0.99732,0.78,11.0,7
0.09,0.049,17.0,0.9937,0.63,13.0,5
0.38,0.094,24.0,0.9979,0.7,10.8,6
0.37,0.076,8.0,0.9974,0.7,9.6,6
0.47,0.062,13.0,0.9983,0.66,10.0,6
0.43,0.071,14.0,0.99428,0.87,11.2,7
0.32,0.084,21.0,0.9984,0.62,9.4,5
0.0,0.123,15.0,0.99538,0.63,11.3,6
0.45,0.092,20.0,0.99918,0.43,9.4,5
0.59,0.087,13.0,0.9988,0.65,11.0,6
0.15,0.078,17.0,0.99294,0.6,10.5,6
0.6,0.104,10.0,0.99828,0.68,10.6,5
0.3,0.079,7.0,0.99788,0.61,10.5,5
0.12,0.083,8.0,0.99836,0.65,10.4,6
0.18,0.07,13.0,0.997,0.6,9.1,5
0.37,0.214,55.0,1.00369,0.77,9.0,6
0.49,0.085,17.0,0.9982,0.6,9.8,5
0.21,0.08,12.0,0.99689,0.66,9.8,5
0.02,0.072,31.0,0.99566,0.68,11.1,6
0.01,0.08,27.0,0.9955,0.58,10.7,6
0.0,0.088,16.0,0.99756,0.67,10.2,5
0.48,0.077,8.0,0.99852,0.53,11.0,5
0.2,0.047,15.0,0.9955,0.44,10.9,5
0.55,0.081,5.0,1.0006,0.54,9.4,5
0.21,0.077,32.0,0.9956,0.45,9.9,5
0.27,0.068,24.0,0.9948,0.57,11.3,6
0.41,0.069,18.0,0.99859,0.81,10.9,7
0.68,0.05,37.5,0.99316,0.51,12.3,7
0.02,0.082,24.0,0.99744,0.53,9.7,6
0.33,0.07,9.0,0.9978,0.6,9.3,5
0.45,0.075,10.0,0.99552,0.76,11.9,7
0.22,0.084,4.0,0.99682,0.57,9.9,6
0.1,0.079,6.0,0.9986,0.56,10.1,6
0.25,0.076,29.0,0.9953,0.6,10.4,5
0.53,0.105,33.0,1.001,0.95,9.2,5
0.73,0.074,38.0,0.999,0.85,12.0,7
0.25,0.075,9.0,0.99779,0.57,9.7,5
0.02,0.078,18.0,0.99712,0.75,9.8,5
0.58,0.071,17.0,0.99935,0.78,10.1,5
0.5,0.337,27.0,0.9964,1.61,9.5,6
0.49,0.07,26.0,0.9981,0.57,9.6,4
0.45,0.071,16.0,0.9991,0.62,9.4,5
0.28,0.11,20.0,0.9972,1.95,9.9,6
0.01,0.056,5.0,0.99472,0.56,11.4,5
0.26,0.062,9.0,0.9966,0.64,9.6,5
0.42,0.071,28.0,0.9973,0.71,10.5,5
0.2,0.058,8.0,0.99322,0.49,11.7,5
0.08,0.056,3.0,0.99286,0.37,13.0,5
0.24,0.078,10.0,0.99692,0.67,10.0,5
0.06,0.078,17.0,0.99746,0.53,9.7,5
0.25,0.098,5.0,0.9964,0.6,10.1,6
0.26,0.063,3.0,0.9915,0.54,13.5,6
0.39,0.078,17.0,0.99444,0.77,12.5,7
0.34,0.082,5.0,0.9987,0.52,10.7,6
0.24,0.095,19.0,0.9946,0.57,11.7,6
0.51,0.104,4.0,0.9996,0.97,10.1,6
0.46,0.094,3.0,0.99639,0.64,12.2,7
0.23,0.08,11.0,0.99538,0.7,10.9,5
0.17,0.073,7.0,0.99425,0.54,11.4,5
0.5,0.055,12.0,0.9952,0.79,13.3,7
0.41,0.083,11.0,0.9982,0.5,9.5,5
0.0,0.052,9.0,0.99467,0.63,10.9,6
0.41,0.084,7.0,0.9984,0.67,9.3,6
0.09,0.084,18.0,0.9994,0.72,11.1,6
0.06,0.078,12.0,0.99625,0.52,9.9,6
0.36,0.075,10.0,0.9976,0.46,9.4,5
0.15,0.089,10.0,0.9968,0.77,9.5,5
0.33,0.063,13.0,0.99516,0.84,11.7,7
0.36,0.116,26.0,0.99722,0.68,10.9,5
0.0,0.075,13.0,0.9978,0.56,9.4,5
0.02,0.084,6.0,0.99892,0.49,11.0,3
0.18,0.071,12.0,0.99761,0.72,9.6,6
0.28,0.066,21.0,0.9973,0.54,9.4,6
0.11,0.09,16.0,0.9965,0.82,9.6,5
0.0,0.06,6.0,0.99664,0.61,10.0,4
0.34,0.064,12.0,0.99516,0.84,11.7,7
0.38,0.062,9.0,0.9968,0.53,9.5,6
0.4,0.109,7.0,0.99614,0.79,11.8,7
0.49,0.118,10.0,1.0002,0.56,11.7,6
0.22,0.064,9.0,0.9963,0.55,9.4,5
0.44,0.042,6.0,0.99542,0.61,10.7,5
0.24,0.108,18.0,0.9967,0.59,9.3,5
0.25,0.076,34.0,0.99668,0.42,9.2,5
0.0,0.07,32.0,0.99438,0.58,11.4,6
0.5,0.078,19.0,1.0003,1.11,11.0,6
0.05,0.045,12.0,0.9924,0.82,12.9,8
0.0,0.1,6.0,0.99521,0.59,11.0,5
0.68,0.114,6.0,0.997,0.66,13.4,6
0.01,0.093,9.0,0.99514,0.58,11.0,7
0.49,0.089,5.0,1.0002,0.44,9.6,5
0.47,0.085,14.0,0.99965,0.8,10.5,7
0.41,0.092,26.0,0.9982,0.53,10.5,6
0.2,0.09,18.0,0.998,0.7,9.6,6
0.29,0.054,19.0,0.99666,0.76,10.9,7
0.44,0.085,9.0,0.99708,0.55,9.5,5
0.06,0.05,6.0,0.99348,0.54,11.95,5
0.43,0.059,15.0,0.9966,0.57,11.0,5
0.03,0.08,17.0,0.99745,0.58,9.8,6
0.49,0.078,26.0,0.9978,0.58,9.2,5
0.22,0.08,25.0,0.99613,0.49,9.9,5
0.49,0.063,18.0,0.9976,0.51,9.8,6
0.12,0.097,19.0,0.99596,0.49,9.4,5
0.03,0.086,14.0,0.9969,0.46,10.3,5
0.44,0.066,22.0,0.99494,0.84,11.5,6
0.36,0.071,17.0,0.9978,0.8,10.5,5
0.4,0.06,12.0,0.99474,0.64,11.8,6
0.31,0.126,24.0,0.99746,0.74,9.6,5
0.06,0.08,8.0,0.99845,0.71,9.6,5
0.51,0.121,7.0,0.9996,0.76,10.4,6
0.2,0.075,15.0,0.99467,0.67,12.5,6
0.53,0.06,3.0,0.99572,0.83,10.9,7
0.31,0.09,13.0,0.9966,0.63,10.5,6
0.46,0.062,26.0,0.9959,0.83,10.6,6
0.31,0.09,26.0,0.9994,0.63,10.2,6
0.02,0.122,68.0,0.9994,0.53,9.9,5
0.26,0.236,10.0,0.9968,0.8,9.3,5
0.26,0.097,7.0,0.9976,0.6,9.3,6
0.06,0.087,27.0,0.9965,0.67,10.7,6
0.0,0.092,22.0,0.99635,0.58,10.0,6
0.35,0.077,21.0,0.9976,0.62,9.4,5
0.0,0.067,7.0,0.99517,0.58,10.9,4
0.21,0.08,7.0,0.9961,0.47,9.5,5
0.49,0.1,5.0,1.001,0.74,11.9,6
0.21,0.106,10.0,0.9966,0.91,9.5,5
0.23,0.059,5.0,0.997,0.56,11.3,5
0.09,0.066,15.0,0.99459,0.7,10.0,7
0.09,0.178,10.0,0.9962,0.57,9.0,5
0.14,0.064,13.0,0.99397,0.62,11.7,7
0.27,0.058,18.0,0.99518,0.85,11.1,6
0.08,0.094,10.0,0.99576,0.5,9.8,5
0.02,0.066,8.0,0.9972,0.67,9.5,6
0.23,0.092,28.0,0.9983,0.56,9.2,5
0.42,0.057,18.0,0.994,0.69,11.2,6
0.0,0.08,15.0,0.99444,0.61,12.5,6
0.37,0.082,24.0,0.9964,0.59,9.4,6
0.32,0.07,51.0,0.99418,0.82,12.9,6
0.24,0.076,16.0,0.9976,0.61,9.4,5
0.05,0.081,13.0,0.9966,0.57,9.8,5
0.4,0.098,10.0,1.0006,0.91,9.7,5
0.37,0.076,8.0,0.9974,0.7,9.6,6
0.6,0.067,12.0,0.9981,0.97,10.1,6
0.43,0.068,5.0,0.99478,0.46,11.4,5
0.68,0.358,5.0,0.9972,1.08,9.9,7
0.22,0.075,13.0,0.99688,0.54,9.5,6
0.16,0.08,11.0,0.9955,0.56,9.3,5
0.08,0.076,8.0,0.9978,0.53,9.0,5
0.57,0.111,26.0,0.9971,0.53,9.7,5
0.04,0.076,18.0,0.99745,0.55,9.5,5
0.19,0.094,19.0,0.99713,0.52,9.6,6
0.22,0.074,15.0,0.99438,0.82,11.2,6
0.02,0.08,36.0,0.99524,0.53,9.7,5
0.08,0.092,10.0,0.9974,0.71,9.8,6
0.25,0.081,14.0,0.9984,0.65,9.0,6
0.09,0.065,7.0,0.99685,0.55,9.0,6
0.02,0.062,15.0,0.99627,0.6,11.0,6
0.01,0.054,5.0,0.9934,0.84,12.5,7
0.49,0.095,10.0,1.00315,0.74,11.1,5
0.1,0.089,17.0,0.99803,0.55,9.5,5
0.45,0.075,10.0,0.99552,0.76,11.9,7
0.3,0.076,30.0,0.9976,0.53,9.4,5
0.09,0.123,14.0,0.9968,0.67,11.0,4
0.5,0.071,7.0,0.99462,0.69,12.5,8
0.33,0.068,34.0,0.99414,0.78,12.8,6
0.21,0.083,14.0,0.99532,0.47,10.5,5
0.0,0.05,27.0,0.9916,0.79,14.0,6
0.33,0.076,11.0,0.99599,0.81,11.0,6
0.56,0.075,17.0,0.998,0.58,9.8,6
0.24,0.079,19.0,0.9991,0.56,10.1,6
0.08,0.059,20.0,0.99484,0.64,10.2,6
0.0,0.081,3.0,0.9964,0.49,10.9,5
0.41,0.103,6.0,0.99604,0.58,11.9,7
0.01,0.088,12.0,0.99568,0.56,10.5,7
0.16,0.074,8.0,0.99606,0.55,9.7,5
0.26,0.08,31.0,0.99622,0.52,9.9,5
0.01,0.088,12.0,0.99568,0.56,10.5,7
0.11,0.077,6.0,0.9984,0.7,10.1,6
0.29,0.098,5.0,0.9988,0.49,9.1,5
0.06,0.087,27.0,0.9965,0.67,10.7,6
0.46,0.078,15.0,0.9973,0.86,12.8,8
0.49,0.093,54.0,1.0002,0.76,10.7,7
0.42,0.058,9.0,0.99392,0.55,11.4,5
0.3,0.053,36.0,0.9965,1.62,9.5,5
0.0,0.091,9.0,0.99488,0.55,11.5,7
0.56,0.047,3.0,0.99471,0.51,11.8,6
0.33,0.046,12.0,0.99294,0.62,12.2,6
0.15,0.089,10.0,0.9968,0.77,9.5,5
0.79,0.12,23.0,1.0018,0.77,13.0,5
0.63,0.088,13.0,0.9997,0.6,10.4,6
0.0,0.057,15.0,0.99448,0.45,9.5,5
0.48,0.125,15.0,0.998,0.81,9.7,6
0.43,0.08,21.0,0.9985,0.57,10.1,5
0.5,0.107,7.0,0.9979,0.93,11.8,6
0.1,0.09,4.0,0.99855,0.49,9.5,5
0.08,0.105,16.0,0.9958,0.52,11.0,5
0.12,0.082,30.0,0.99865,0.64,10.4,6
0.12,0.083,13.0,0.9966,0.62,10.2,7
0.42,0.092,8.0,0.9959,0.59,9.5,5
0.32,0.064,4.0,0.99576,0.8,11.2,6
0.2,0.077,11.0,0.9971,0.58,9.3,5
0.01,0.103,32.0,0.99586,0.66,11.3,6
0.06,0.077,15.0,0.99746,0.54,9.5,5
0.33,0.064,21.0,0.9952,0.77,12.1,7
0.01,0.07,5.0,0.9967,0.58,11.0,4
0.34,0.05,4.0,0.99554,0.48,9.1,6
0.11,0.066,18.0,0.99483,0.66,10.9,6
0.02,0.096,5.0,0.997,0.57,11.0,4
0.63,0.084,5.0,0.9998,0.74,11.2,7
0.0,0.074,16.0,0.9972,0.7,9.9,6
0.07,0.076,6.0,0.9962,0.58,10.7,5
0.08,0.074,40.0,0.99529,0.49,9.6,5
0.11,0.079,11.0,0.9968,0.58,9.6,5
0.0,0.096,3.0,0.99557,0.62,11.5,4
0.02,0.05,5.0,0.9962,0.52,9.5,5
0.01,0.074,13.0,0.99748,0.65,9.8,5
0.04,0.084,25.0,0.9978,0.53,9.5,5
0.36,0.084,6.0,0.99704,0.77,10.8,6
0.54,0.082,12.0,0.9997,1.36,9.8,7
0.18,0.078,10.0,0.99576,0.49,9.9,5
0.05,0.081,16.0,0.99564,0.6,10.3,6
0.52,0.113,12.0,0.9969,0.58,9.5,5
0.4,0.055,3.0,0.99738,0.66,11.6,7
0.42,0.077,6.0,0.9976,1.05,10.8,7
0.53,0.097,6.0,0.9986,0.82,11.7,7
0.1,0.08,16.0,0.99736,0.69,10.8,7
0.2,0.077,28.0,0.9956,0.64,10.4,6
0.52,0.08,29.0,1.0001,0.88,11.0,5
0.18,0.062,7.0,0.9951,0.6,9.3,5
0.66,0.039,15.0,0.99357,0.6,11.5,6
0.26,0.052,19.0,0.9951,0.79,10.9,6
0.32,0.067,4.0,0.99473,0.76,12.8,7
0.13,0.076,12.0,0.99546,0.54,10.1,5
0.21,0.073,46.0,0.9964,0.58,9.5,5
0.01,0.076,14.0,0.99522,0.53,10.8,6
0.28,0.096,17.0,0.99734,0.63,10.2,6
0.57,0.074,3.0,0.9981,0.7,9.9,6
0.26,0.083,33.0,0.9968,0.58,9.5,6
0.1,0.076,30.0,0.99554,0.48,9.4,6
0.0,0.052,3.0,0.996,0.47,10.3,5
0.26,0.083,17.0,0.99616,0.56,9.8,6
0.24,0.071,30.0,0.99576,0.58,10.1,5
0.52,0.111,5.0,0.99568,0.62,11.3,6
0.35,0.083,17.0,0.99622,0.66,11.1,6
0.49,0.098,12.0,1.0004,0.61,10.3,5
0.49,0.084,21.0,0.9987,0.57,9.7,5
0.0,0.069,4.0,0.99396,0.37,10.4,4
0.02,0.066,8.0,0.9972,0.67,9.5,6
0.26,0.06,28.0,0.9959,0.43,10.1,5
0.39,0.083,21.0,0.9989,0.71,11.5,7
0.11,0.043,6.0,0.99354,0.65,11.4,6
0.02,0.081,17.0,0.99745,0.6,9.7,6
0.55,0.081,35.0,1.0002,0.92,10.8,7
0.4,0.062,7.0,0.9941,0.7,11.1,5
0.5,0.09,20.0,0.99734,0.57,10.5,5
0.43,0.076,26.0,0.9984,0.57,10.1,6
0.28,0.11,20.0,0.9972,1.95,9.9,6
0.21,0.08,7.0,0.9961,0.47,9.5,5
0.62,0.082,6.0,1.0002,0.67,9.7,6
0.0,0.072,32.0,0.99491,0.56,11.2,6
0.49,0.066,5.0,1.0014,0.66,12.0,7
0.04,0.039,4.0,0.9962,0.47,9.4,5
0.0,0.062,21.0,0.99352,0.55,12.3,6
0.03,0.054,7.0,0.99508,0.63,11.5,6
0.29,0.074,32.0,0.99578,0.62,9.8,5
0.46,0.074,24.0,0.99534,0.85,11.0,7
0.31,0.07,4.0,0.99693,0.55,10.3,6
0.09,0.081,10.0,0.99479,0.59,11.5,6
0.02,0.064,29.0,0.99472,0.56,10.75,6
0.05,0.075,15.0,0.9974,0.61,9.1,5
0.22,0.106,12.0,0.9959,0.63,9.2,5
0.24,0.094,35.0,0.9982,0.53,9.2,5
0.1,0.08,16.0,0.99736,0.69,10.8,7
0.65,0.08,3.0,0.99817,0.58,11.0,5
0.06,0.077,15.0,0.99746,0.54,9.5,5
0.22,0.077,12.0,0.9967,0.51,9.2,5
0.24,0.087,5.0,0.9988,0.6,10.2,5
0.01,0.074,9.0,0.9958,0.56,9.5,6
0.09,0.117,9.0,0.99655,0.49,10.8,6
0.07,0.077,16.0,0.99748,0.54,9.7,5
0.54,0.095,22.0,0.99735,0.76,9.9,7
0.55,0.083,25.0,0.9995,0.82,10.4,6
0.21,0.088,21.0,0.99692,0.83,11.1,6
0.41,0.088,6.0,0.9988,0.8,9.3,5
0.36,0.074,12.0,0.9978,0.83,10.5,5
0.24,0.36,15.0,0.9964,1.59,9.5,5
0.24,0.085,16.0,0.9993,0.72,11.0,6
0.5,0.082,6.0,1.0006,0.78,10.7,6
0.4,0.066,40.5,0.9912,0.59,11.9,6
0.22,0.069,9.0,0.9968,1.2,10.3,5
0.03,0.075,14.0,0.99545,0.58,10.4,6
0.28,0.082,31.0,0.99694,0.48,9.4,5
0.03,0.071,27.0,0.995,0.49,12.7,6
0.0,0.088,19.0,0.999,0.6,9.3,5
0.47,0.067,18.0,0.99549,0.66,11.0,6
0.24,0.083,10.0,0.99685,0.56,10.0,6
0.31,0.079,26.0,0.99716,0.62,9.5,6
0.01,0.065,8.0,0.99332,0.51,11.8,6
0.19,0.161,7.0,0.99395,0.61,11.0,5
0.12,0.082,7.0,0.997,0.5,9.4,6
0.49,0.077,11.0,0.9963,0.63,11.6,7
0.11,0.073,13.0,0.9955,0.52,9.3,5
0.02,0.084,13.0,0.99538,0.54,10.5,6
0.13,0.102,17.0,0.9944,0.53,11.2,6
0.74,0.095,9.0,0.9994,0.77,10.8,7
0.48,0.157,5.0,0.9976,1.05,9.4,5
0.18,0.088,27.0,0.99915,0.77,9.4,5
0.52,0.071,12.0,1.0006,0.56,9.0,6
0.04,0.054,19.0,0.9927,0.62,12.2,7
0.24,0.077,18.0,0.9948,0.6,10.6,6
0.25,0.073,29.0,0.99615,0.58,10.5,6
0.31,0.112,11.0,0.99699,0.56,10.9,5
0.0,0.064,40.0,0.995,0.93,10.7,6
0.55,0.117,32.0,0.9968,0.62,9.4,5
0.23,0.102,37.0,0.9996,0.65,10.1,5
0.49,0.079,27.0,0.9994,0.75,10.4,6
0.4,0.079,3.0,0.99512,0.67,11.9,6
0.25,0.104,12.0,0.9963,0.9,10.1,5
0.0,0.105,22.0,0.9966,0.57,10.6,6
0.55,0.076,22.0,0.9996,0.89,9.9,6
0.47,0.056,9.0,0.99695,0.82,10.3,7
0.06,0.07,5.0,0.9942,0.48,9.8,5
0.25,0.083,8.0,0.99815,0.6,10.0,6
0.05,0.07,6.0,0.99562,0.66,10.8,6
0.02,0.087,21.0,0.9944,0.52,10.0,5
0.4,0.052,4.0,0.99356,0.7,12.8,7
0.24,0.077,18.0,0.9948,0.6,10.6,6
0.21,0.081,14.0,0.99689,0.66,9.8,5
0.45,0.082,6.0,0.9988,0.66,9.2,6
0.0,0.096,26.0,1.00025,0.72,9.8,4
0.09,0.068,15.0,0.99524,0.52,11.1,4
0.0,0.05,27.0,0.9916,0.79,14.0,6
0.1,0.048,12.0,0.99306,0.51,12.1,5
0.4,0.067,8.0,0.99603,0.6,10.5,5
0.23,0.082,10.0,0.99774,0.65,9.3,6
0.09,0.091,20.0,0.9976,0.86,10.6,7
0.08,0.097,15.0,0.9959,0.54,9.2,5
0.07,0.071,15.0,0.9951,0.66,10.8,6
0.09,0.081,15.0,0.99538,0.63,12.0,5
0.03,0.079,6.0,0.9963,0.5,12.2,5
0.66,0.074,10.0,1.0008,0.57,9.0,3
0.31,0.083,7.0,0.99718,0.68,10.3,5
0.03,0.059,32.0,0.9952,0.56,12.3,7
0.08,0.106,14.0,0.99665,0.58,10.2,5
0.08,0.067,8.0,0.99334,0.52,12.6,5
0.47,0.078,6.0,0.9976,1.04,10.9,7
0.02,0.084,13.0,0.99538,0.54,10.5,6
0.66,0.121,6.0,0.9978,0.74,11.5,7
0.0,0.084,6.0,0.9983,0.96,9.9,6
0.02,0.067,4.0,0.997,0.68,9.5,5
0.27,0.067,8.0,0.99384,0.56,12.0,6
0.48,0.068,7.0,0.9973,0.64,10.1,6
0.07,0.091,15.0,0.99572,0.6,11.3,6
0.37,0.049,36.0,0.99007,0.44,12.7,6
0.15,0.064,12.0,0.9929,0.59,12.8,6
0.59,0.077,3.0,0.9994,0.78,9.6,5
0.14,0.114,9.0,0.99732,0.65,9.8,5
0.32,0.062,31.0,0.99728,0.65,10.0,7
0.08,0.063,42.0,0.99608,0.6,10.2,6
0.02,0.115,6.0,0.99654,0.69,9.5,5
0.0,0.074,16.0,0.9972,0.7,9.9,6
0.25,0.081,10.0,0.99685,0.5,11.0,5
0.17,0.073,6.0,0.9972,0.61,9.2,6
0.29,0.075,19.0,0.99718,0.64,9.5,5
0.02,0.072,9.0,0.9965,1.08,9.2,4
0.3,0.062,18.0,0.9952,0.9,11.3,7
0.42,0.069,9.0,0.99376,0.54,12.3,6
0.27,0.095,5.0,0.99747,0.62,9.1,6
0.07,0.102,32.0,1.00015,0.71,9.8,5
0.63,0.091,6.0,1.0004,0.49,9.5,5
0.23,0.066,5.0,0.9958,0.56,9.2,5
0.45,0.082,6.0,0.9988,0.66,9.2,6
0.0,0.064,40.0,0.995,0.93,10.7,6
0.54,0.095,21.0,1.0001,0.51,9.5,5
0.03,0.08,27.0,0.99592,0.47,9.2,5
0.1,0.073,25.0,0.99638,0.75,10.9,6
0.01,0.064,31.0,0.99371,0.57,11.8,6
0.0,0.077,25.0,0.99385,0.53,11.2,5
0.36,0.081,3.0,0.99702,0.78,10.9,6
0.07,0.091,15.0,0.99572,0.6,11.3,6
0.2,0.332,8.0,0.9968,0.9,10.5,6
0.48,0.052,5.0,0.99458,0.69,12.1,7
0.02,0.061,26.0,0.99489,0.82,10.9,6
0.03,0.08,27.0,0.99578,0.64,10.9,6
0.27,0.058,18.0,0.99518,0.85,11.1,6
0.13,0.078,34.0,0.99528,0.59,10.8,6
0.3,0.066,10.0,0.9964,0.67,11.2,7
0.29,0.075,19.0,0.99718,0.64,9.5,5
0.29,0.114,9.0,0.9974,1.56,9.1,5
0.51,0.079,14.0,0.9982,0.93,9.8,6
0.0,0.096,6.0,0.99569,0.58,9.5,5
0.1,0.081,45.0,0.9983,0.53,10.0,5
0.36,0.089,15.0,0.99745,0.57,10.4,4
0.32,0.069,35.0,0.99632,0.51,9.5,5
0.33,0.088,16.0,0.9972,0.58,10.7,6
0.26,0.083,17.0,0.99616,0.56,9.8,6
0.1,0.089,17.0,0.99803,0.55,9.5,5
0.02,0.078,8.0,0.99498,0.62,10.4,6
0.32,0.082,17.0,0.9968,0.55,9.5,5
0.39,0.068,6.0,0.99516,0.69,11.7,8
0.0,0.1,50.0,0.99544,0.68,11.4,6
0.52,0.074,13.0,0.99509,0.76,12.4,7
0.46,0.075,6.0,0.9976,1.02,10.8,7
0.04,0.068,19.0,0.99712,0.67,9.8,5
0.49,0.2,5.0,0.9994,0.63,8.4,3
0.19,0.111,33.0,0.99878,0.55,9.4,5
0.67,0.086,6.0,0.9988,0.69,13.4,8
0.46,0.091,10.0,0.99638,0.69,11.9,6
0.5,0.369,15.0,0.99634,1.1,9.4,5
0.26,0.084,11.0,0.9976,0.53,9.2,4
0.16,0.1,15.0,0.9966,0.64,9.3,5
0.39,0.08,41.0,0.99652,0.73,10.9,6
0.0,0.086,17.0,0.9976,0.54,9.5,5
0.3,0.073,31.0,0.99685,0.59,9.5,6
0.18,0.243,5.5,0.99612,0.6,10.3,6
0.05,0.074,8.0,0.9962,0.95,10.5,6
0.36,0.081,13.0,0.9972,0.64,9.2,5
0.08,0.067,19.0,0.99648,0.57,11.0,4
0.3,0.132,7.0,0.99786,1.18,10.2,5
0.14,0.038,15.0,0.99514,0.65,11.1,6
0.49,0.083,18.0,0.9982,0.6,9.5,5
0.03,0.058,4.0,0.9972,0.33,9.1,4
0.03,0.076,21.0,0.99745,0.6,9.8,5
0.4,0.068,41.0,0.99754,0.86,10.5,6
0.0,0.084,6.0,0.9983,0.96,9.9,6
0.26,0.097,7.0,0.9976,0.6,9.3,6
0.0,0.097,15.0,0.99675,0.58,9.2,6
0.0,0.076,33.0,0.99612,0.62,10.7,6
0.0,0.089,16.0,0.9943,0.52,9.9,5
0.02,0.077,11.0,0.99557,0.62,10.8,6
0.04,0.077,7.0,0.9987,0.91,9.4,6
0.46,0.05,5.0,0.9974,0.79,10.2,6
0.04,0.119,14.0,0.9962,0.6,10.9,6
0.06,0.086,20.0,0.9965,0.59,10.7,6
0.0,0.068,7.0,0.9969,0.56,9.6,5
0.0,0.063,11.0,0.99191,0.56,12.2,6
0.48,0.073,22.0,0.9972,0.7,9.6,4
0.35,0.054,7.0,0.99458,0.8,11.9,7
0.4,0.068,12.0,0.99486,0.75,12.6,7
0.49,0.06,26.0,0.9974,0.76,10.5,5
0.0,0.123,15.0,0.99538,0.63,11.3,6
0.34,0.08,26.0,0.9987,0.62,9.5,6
0.44,0.079,6.0,0.99605,0.63,10.7,5
0.49,0.115,20.0,0.9968,0.71,9.3,5
0.24,0.079,19.0,0.9991,0.56,10.1,6
0.52,0.094,17.0,1.0014,0.81,9.5,6
0.0,0.078,26.0,0.99522,0.68,10.8,6
0.0,0.076,11.0,0.9978,0.56,9.4,5
0.64,0.107,6.0,0.9973,0.66,11.8,7
0.57,0.093,30.0,0.9971,0.76,11.6,7
0.43,0.114,22.0,0.997,0.73,9.2,5
0.35,0.088,16.0,0.9961,0.55,9.2,5
0.03,0.078,16.0,0.99743,0.57,9.7,5
0.23,0.076,23.0,0.99686,0.58,9.5,6
0.47,0.077,5.0,0.9958,0.53,10.3,6
0.34,0.082,26.0,0.99356,0.59,12.5,7
0.64,0.122,10.0,0.998,0.66,12.5,6
0.08,0.097,22.0,0.9959,0.54,9.2,6
0.5,0.066,10.0,1.0,1.18,9.2,6
0.2,0.077,28.0,0.9956,0.64,10.4,6
0.25,0.081,14.0,0.9984,0.65,9.0,6
0.13,0.085,6.0,0.9984,0.59,9.2,6
0.0,0.057,15.0,0.99448,0.45,9.5,5
0.26,0.09,25.0,0.99975,0.62,9.7,5
0.48,0.069,18.0,0.9959,0.78,10.3,6
0.0,0.07,6.0,0.99593,0.64,10.0,6
0.45,0.071,6.0,0.99702,0.49,11.8,7
0.45,0.052,6.0,0.9948,0.7,12.5,6
0.49,0.075,10.0,0.9978,0.61,10.4,5
0.49,0.07,14.0,0.9991,0.56,9.6,4
0.29,0.083,21.0,0.99642,0.53,9.4,5
0.19,0.079,13.0,0.99547,0.64,9.8,6
0.47,0.087,6.0,0.99772,0.5,10.5,5
0.45,0.072,32.0,0.99617,0.77,12.0,6
0.65,0.096,22.0,0.9976,0.84,14.9,5
0.48,0.066,6.0,0.99724,0.87,10.9,6
0.52,0.132,17.0,0.99734,0.77,11.5,6
0.03,0.078,16.0,0.99743,0.57,9.7,5
0.21,0.074,5.0,0.9968,0.52,9.5,5
0.09,0.079,7.0,0.99669,0.61,10.2,5
0.0,0.08,14.0,0.9972,0.55,9.4,5
0.38,0.096,5.0,0.99666,0.52,9.4,5
0.02,0.073,9.0,0.9968,0.57,9.5,7
0.49,0.083,5.0,1.0,0.43,9.2,5
0.46,0.075,14.0,0.99598,0.84,11.4,6
0.01,0.077,3.0,0.995,0.46,9.8,5
0.03,0.084,18.0,0.9968,0.63,10.0,6
0.33,0.078,6.0,0.9957,0.58,11.2,5
0.4,0.063,21.0,0.9952,0.63,11.1,5
0.34,0.073,16.0,0.9936,0.66,12.4,6
0.31,0.093,19.0,0.99815,0.63,9.5,6
0.32,0.08,29.0,0.9974,0.64,10.3,5
0.31,0.09,26.0,0.9994,0.63,10.2,6
0.08,0.114,14.0,0.9971,0.66,9.6,6
0.38,0.06,19.0,0.99543,0.72,11.8,6
0.09,0.091,20.0,0.9976,0.86,10.6,7
0.24,0.103,6.0,0.9978,0.52,10.0,4
0.14,0.084,25.0,0.9981,0.56,9.7,5
0.33,0.074,27.0,0.99706,0.58,9.0,5
0.02,0.094,5.0,0.9993,0.8,9.7,5
0.39,0.077,6.0,0.99555,0.69,11.0,6
0.5,0.205,48.0,1.00242,0.75,8.8,5
0.3,0.065,16.0,0.99672,0.82,10.0,6
0.04,0.092,13.0,0.99647,0.47,10.0,5
0.32,0.08,26.0,0.99801,1.07,9.7,5
0.23,0.078,14.0,0.9976,0.62,9.4,5
0.29,0.096,20.0,0.9962,0.65,11.0,6
0.15,0.072,6.0,0.9955,0.57,9.4,5
0.39,0.095,5.0,0.9986,0.58,10.3,5
0.1,0.112,11.0,0.9963,0.5,9.5,5
0.41,0.058,15.0,0.99414,0.6,12.2,6
0.23,0.111,20.0,0.9964,0.61,9.3,5
0.0,0.124,21.0,0.9997,0.72,10.2,5
0.23,0.091,18.0,0.99922,0.51,9.4,5
0.14,0.077,27.0,0.9963,0.59,9.8,5
0.1,0.091,12.0,0.99888,0.54,9.5,6
0.0,0.081,12.0,0.99798,0.46,9.6,4
0.25,0.104,35.0,1.001,0.67,11.2,5
0.42,0.145,34.0,0.99832,0.86,9.9,3
0.08,0.089,14.0,0.99592,0.59,10.4,6
0.03,0.059,32.0,0.9952,0.56,12.3,7
0.24,0.079,16.0,0.99764,0.64,9.5,6
0.07,0.09,11.0,0.9979,0.76,9.7,6
0.0,0.055,7.0,0.99162,0.53,12.9,6
0.12,0.186,5.0,0.996,0.54,9.5,5
0.56,0.118,30.0,0.9968,0.66,9.4,5
0.38,0.08,12.0,0.9978,0.47,9.0,6
0.0,0.093,51.0,0.99558,0.45,9.5,5
0.09,0.054,34.0,0.99724,0.68,10.4,6
0.3,0.073,31.0,0.99685,0.59,9.5,6
0.08,0.09,32.0,0.9949,0.58,10.5,5
0.42,0.08,11.0,0.9974,0.8,9.4,6
0.2,0.075,9.0,0.9987,0.62,9.3,5
0.59,0.414,16.0,0.99702,1.34,9.2,5
0.32,0.067,7.0,0.99628,0.44,10.4,5
0.29,0.075,12.0,0.9965,0.68,11.5,6
0.32,0.062,31.0,0.99728,0.65,10.0,7
0.0,0.071,21.0,0.99632,0.45,9.4,5
0.1,0.112,11.0,0.9963,0.5,9.5,5
0.6,0.081,31.0,0.9996,0.73,10.5,5
0.49,0.075,3.0,0.9969,0.63,10.4,5
0.07,0.07,16.0,0.99572,0.6,9.3,5
0.14,0.086,3.0,0.9975,0.6,10.8,6
0.08,0.066,3.0,0.9954,0.58,9.4,5
0.53,0.074,6.0,0.9962,1.13,12.0,7
0.5,0.046,29.0,0.9902,0.66,13.6,6
0.46,0.104,6.0,0.99664,0.65,11.8,7
0.06,0.06,11.0,0.9962,0.59,10.8,7
0.11,0.09,16.0,0.9965,0.82,9.6,5
0.07,0.1,8.0,0.9961,0.58,9.6,5
0.12,0.114,15.0,0.99588,0.59,9.5,6
0.04,0.066,12.0,0.99636,0.56,9.9,5
0.4,0.091,6.0,0.99704,0.65,10.0333333333333,6
0.03,0.078,7.0,0.99587,0.39,9.5,5
0.22,0.072,11.0,0.9967,0.55,9.1,5
0.0,0.068,15.0,0.99292,0.59,12.5,6
0.45,0.08,6.0,0.99774,0.76,11.4,6
0.31,0.082,8.0,0.996,0.69,10.6,6
0.0,0.041,16.0,0.99258,0.59,12.5,6
0.05,0.084,13.0,0.9959,0.55,9.9,6
0.3,0.085,6.0,0.99346,0.46,11.9,6
0.42,0.09,35.0,0.999,0.7,9.5,6
0.08,0.076,15.0,0.9967,0.54,9.5,6
0.49,0.064,5.0,0.9999,0.87,10.9,5
0.32,0.082,7.0,0.9966,0.52,9.4,5
0.09,0.089,16.0,0.99402,0.56,11.6,6
0.23,0.076,23.0,0.99686,0.58,9.5,6
0.46,0.074,24.0,0.99534,0.85,11.0,7
0.24,0.06,19.0,0.9917,0.74,14.0,8
0.03,0.095,25.0,0.995,0.54,10.1,5
0.29,0.069,32.0,0.99654,0.57,10.0,5
0.15,0.079,17.0,0.9972,0.54,9.6,6
0.03,0.044,28.0,0.9908,0.82,14.0,8
0.01,0.079,24.0,0.99514,0.61,10.9,6
0.21,0.045,57.0,0.99341,0.44,9.5,5
0.07,0.075,16.0,0.99685,0.52,9.5,5
0.36,0.048,35.0,0.995,1.01,12.4,7
0.34,0.085,5.0,0.99683,0.65,10.6,7
0.49,0.059,5.0,0.9976,0.74,10.5,7
0.2,0.076,36.0,0.99494,0.4,9.3,5
0.1,0.063,34.0,0.9958,0.67,9.7,5
0.31,0.08,15.0,0.9978,0.64,9.0,5
0.07,0.1,20.0,0.99598,0.74,11.7,6
0.01,0.078,17.0,0.9955,0.61,12.8,6
0.0,0.081,6.0,0.9975,0.52,9.3,5
0.17,0.073,6.0,0.9972,0.61,9.2,6
0.29,0.194,14.0,0.99536,0.78,12.0,6
0.02,0.067,9.0,0.997,0.67,9.4,6
0.29,0.07,15.0,0.99577,0.54,11.1,5
0.04,0.078,4.0,0.998,0.54,9.7,4
0.37,0.063,11.0,0.99439,0.8,12.4,7
0.46,0.074,24.0,0.99534,0.85,11.0,7
0.1,0.074,20.0,0.99672,0.56,9.2,5
0.52,0.092,15.0,1.0,0.66,10.2,5
0.3,0.085,6.0,0.99346,0.46,11.9,6
0.63,0.071,6.0,0.9988,0.87,10.2,5
0.1,0.085,18.0,0.9956,0.52,10.2,5
0.01,0.074,48.0,0.99621,0.62,10.8,5
0.21,0.074,5.0,0.9968,0.52,9.5,5
0.57,0.106,5.0,0.99605,0.55,11.4,6
0.49,0.075,5.0,0.9994,0.57,11.4,5
0.26,0.089,23.0,0.99636,0.59,9.7,5
0.4,0.083,16.0,0.99782,0.48,9.4,5
0.0,0.166,6.0,0.99551,0.51,10.8,5
0.43,0.067,22.0,0.9946,0.6,11.9,6
0.18,0.176,52.0,0.9986,0.88,9.2,5
0.31,0.096,16.0,0.9982,0.7,10.0,7
0.42,0.072,23.0,0.99392,0.78,12.4,6
0.01,0.079,24.0,0.99514,0.61,10.9,6
0.47,0.066,6.0,0.9978,0.9,11.0,7
0.01,0.06,17.0,0.9952,0.58,9.8,6
0.0,0.055,27.0,0.9922,0.48,12.3,6
0.32,0.066,14.0,0.99364,0.56,12.6,6
0.31,0.056,15.0,0.99472,0.76,11.3,8
0.43,0.063,12.0,0.9955,0.81,11.2,7
0.21,0.075,41.0,0.99586,0.54,10.1,6
0.01,0.08,40.0,0.99683,0.73,9.7,5
0.71,0.124,6.0,0.9984,0.83,11.8,7
0.45,0.216,5.0,0.99358,0.81,12.5,7
0.32,0.078,35.0,0.998,0.48,9.4,5
0.48,0.1,14.0,0.9961,0.62,9.5,5
0.55,0.072,7.0,1.00012,0.68,10.9,6
0.19,0.076,10.0,0.9957,0.54,9.7,5
0.42,0.086,8.0,0.99546,0.6,11.4,6
0.34,0.076,8.0,0.99235,0.72,13.1,8
0.18,0.08,13.0,0.9972,0.59,9.0,6
0.11,0.093,11.0,0.99888,0.55,9.5,6
0.24,0.083,30.0,0.9959,0.58,10.0,5
0.58,0.07,15.0,1.0004,0.49,9.0,5
0.26,0.082,23.0,0.9978,0.55,9.4,5
0.16,0.069,11.0,0.9955,0.74,10.1,7
0.0,0.057,15.0,0.99448,0.45,9.5,5
0.18,0.07,12.0,0.99768,0.73,9.5,6
0.04,0.146,27.0,0.9984,0.7,9.4,5
0.36,0.075,10.0,0.9976,0.46,9.4,5
0.27,0.055,14.0,0.99516,0.8,11.2,5
0.03,0.09,7.0,0.9959,0.56,9.6,5
0.5,0.071,6.0,0.99791,0.6,10.4,4
0.73,0.066,6.0,0.9986,0.66,11.2,6
0.1,0.09,4.0,0.99745,0.65,9.55,5
0.36,0.074,12.0,0.9978,0.83,10.5,5
0.0,0.124,21.0,0.9997,0.72,10.2,5
0.2,0.082,9.0,0.99585,0.43,9.05,4
0.2,0.098,30.0,0.99892,0.58,9.2,5
0.0,0.065,24.0,0.9954,0.55,9.7,5
0.0,0.079,39.0,0.9956,0.84,11.4,6
0.18,0.08,13.0,0.9972,0.59,9.0,6
0.6,0.152,7.0,0.9986,1.06,9.4,5
0.53,0.128,7.0,0.9992,0.84,12.2,7
0.33,0.235,66.0,0.99787,0.56,9.5,5
0.52,0.09,9.0,0.99648,0.67,10.4,5
0.12,0.072,38.0,0.99504,0.89,11.8,6
0.19,0.082,15.0,0.99655,0.68,10.5,5
0.01,0.08,27.0,0.9955,0.58,10.7,6
0.66,0.088,10.0,1.001,0.68,9.8,6
0.32,0.087,10.0,0.9991,0.77,10.5,7
0.45,0.065,7.0,0.9947,0.79,14.0,6
0.4,0.044,25.0,0.99478,0.83,10.9,6
0.05,0.081,16.0,0.99564,0.6,10.3,6
0.04,0.057,5.0,0.99525,0.6,9.5,5
0.06,0.063,29.0,0.99489,0.83,10.3,6
0.38,0.096,5.0,0.99666,0.52,9.4,5
0.0,0.041,17.0,0.99346,0.73,11.4,5
0.23,0.094,16.0,0.9962,0.49,10.2,6
0.44,0.107,34.0,0.9978,1.22,9.5,5
0.12,0.12,25.0,0.99519,0.71,11.3,7
0.42,0.052,6.0,0.9963,0.82,11.9,6
0.36,0.071,17.0,0.9978,0.8,10.5,5
0.06,0.079,20.0,0.99628,0.69,10.9,5
0.45,0.06,20.0,0.9972,0.54,9.6,5
0.23,0.073,17.0,0.99675,0.57,9.3,5
0.24,0.102,13.0,1.0,0.56,10.0,6
0.51,0.052,13.0,0.995,0.9,13.4,7
0.04,0.068,7.0,0.99582,0.58,10.8,6
0.41,0.065,34.0,0.99492,0.85,11.4,6
0.32,0.079,16.0,0.99656,0.5,9.8,6
0.22,0.107,17.0,1.0004,0.98,9.9,6
0.45,0.119,34.0,0.99708,0.72,10.9,6
0.66,0.109,10.0,1.0,0.85,10.4,7
0.43,0.082,18.0,0.99708,0.68,9.7,6
0.03,0.077,7.0,0.99568,0.52,10.0,5
0.1,0.074,12.0,0.9959,0.58,10.2,6
0.49,0.085,6.0,1.0021,0.68,12.7,6
0.69,0.095,17.0,0.9994,0.61,10.8,6
0.14,0.067,10.0,0.9969,0.59,9.5,5
0.6,0.039,5.0,0.99585,0.86,12.4,6
0.51,0.104,4.0,0.9996,0.97,10.1,6
0.43,0.076,12.0,0.99551,0.75,10.2,6
0.26,0.08,31.0,0.99622,0.52,9.9,5
0.08,0.086,6.0,0.9974,0.5,9.0,4
0.33,0.095,28.0,0.9984,0.68,10.0,5
0.0,0.057,11.0,0.99488,0.56,11.8,4
0.53,0.06,3.0,0.99572,0.83,10.9,7
0.1,0.102,28.0,0.99565,0.49,9.8,6
0.33,0.061,3.0,0.996,1.1,10.0,8
0.49,0.092,25.0,0.9971,0.61,10.1,6
0.31,0.088,15.0,0.9969,0.79,9.3,5
0.0,0.08,22.0,0.99701,0.74,9.7,5
0.24,0.091,8.0,0.998,0.66,9.6,6
0.0,0.097,5.0,0.9966,0.54,10.7,3
0.04,0.049,5.0,0.9942,0.58,11.4,5
0.09,0.068,8.0,0.99735,0.44,10.0,5
0.08,0.093,10.0,0.9956,0.47,10.0,5
0.18,0.07,12.0,0.99768,0.73,9.5,6
0.58,0.092,11.0,0.99745,0.99,12.0,7
0.46,0.114,3.0,0.99901,0.6,10.9,6
0.27,0.088,7.0,0.9962,0.47,10.0,4
0.18,0.079,24.0,0.9965,0.58,9.4,5
0.04,0.049,5.0,0.9942,0.58,11.4,5
0.25,0.104,28.0,0.99784,0.57,9.1,5
0.09,0.084,11.0,0.9964,0.66,9.8,5
0.27,0.071,14.0,0.99388,0.63,12.0,6
0.21,0.07,9.0,0.99546,0.6,10.3,5
0.13,0.076,29.0,0.99574,0.75,11.0,6
0.31,0.082,23.0,0.9982,0.65,9.7,5
0.07,0.091,15.0,0.99572,0.6,11.3,6
0.13,0.056,14.0,0.99362,0.67,12.4,6
0.68,0.467,18.0,0.9973,1.31,9.3,5
0.33,0.084,15.0,0.9968,0.55,9.5,5
0.23,0.077,18.0,0.99625,0.65,9.3,5
0.0,0.041,16.0,0.99258,0.59,12.5,6
0.42,0.071,5.0,0.99659,0.75,10.5,6
0.02,0.062,37.0,0.99374,0.76,11.6,7
0.27,0.084,12.0,0.9964,0.71,11.0,5
0.24,0.077,6.0,0.9974,0.57,9.4,5
0.52,0.071,12.0,1.0006,0.56,9.0,6
0.34,0.087,24.0,0.9982,0.61,9.5,5
0.28,0.068,6.0,0.99682,0.53,10.3,5
0.08,0.064,18.0,0.99552,0.64,9.7,5
0.2,0.08,27.0,0.9972,1.12,9.1,4
0.0,0.065,28.0,0.99378,0.52,11.6,5
0.18,0.148,10.0,0.9969,1.36,10.2,6
0.22,0.1,7.0,0.9967,0.56,10.2,6
0.2,0.086,7.0,0.9946,0.46,10.0,5
0.53,0.23,19.0,0.9934,0.93,12.4,6
0.0,0.083,18.0,0.99768,0.54,9.4,5
0.35,0.08,23.0,0.9987,0.62,9.5,5
0.32,0.067,4.0,0.9928,0.55,12.8,7
0.14,0.056,15.0,0.99396,0.57,11.5,6
0.5,0.122,4.0,1.0006,0.7,10.2,5
0.57,0.08,6.0,0.99652,0.57,12.5,6
0.17,0.082,27.0,0.99634,0.64,10.4,5
0.01,0.059,11.0,0.99242,0.4,12.8,6
0.05,0.068,24.0,0.9961,0.57,11.5,6
0.0,0.07,7.0,0.99659,0.64,9.4,6
0.0,0.058,5.0,0.9977,0.63,10.4,6
0.23,0.066,35.0,0.99588,0.62,10.1,5
0.59,0.077,3.0,0.9994,0.78,9.6,5
0.12,0.143,7.0,0.9964,0.65,10.2,7
0.47,0.118,6.0,0.9982,0.75,9.8,6
0.53,0.101,3.0,0.99586,0.59,12.1,7
0.32,0.088,22.0,0.9979,0.62,10.1,5
0.55,0.136,24.0,0.99752,0.94,10.0,5
0.21,0.086,24.0,0.99556,0.53,10.1,6
0.37,0.081,17.0,0.99674,0.65,11.2,6
0.22,0.082,10.0,0.9983,0.62,9.5,5
0.29,0.127,6.0,0.9968,0.72,11.2,5
0.18,0.078,15.0,0.99638,0.54,9.8,5
0.31,0.088,12.0,0.9957,0.55,10.4,6
0.0,0.084,10.0,0.99656,0.5,9.8,5
0.51,0.415,12.0,0.99623,1.17,9.2,5
0.64,0.059,24.0,0.99494,0.71,11.2,6
0.48,0.343,6.0,0.9979,0.71,10.5,5
0.47,0.074,9.0,0.99638,0.76,12.0,6
0.49,0.27,23.0,0.9972,1.02,9.3,5
0.29,0.109,31.0,0.99801,0.5,9.1,5
0.65,0.075,6.0,0.99565,0.63,11.8,6
0.49,0.09,11.0,0.99498,0.64,12.1,7
0.45,0.08,6.0,0.99774,0.76,11.4,6
0.32,0.081,32.0,0.9964,0.72,11.0,6
0.3,0.074,15.0,0.9968,0.59,10.2,5
0.25,0.104,8.0,0.99769,0.72,9.6,5
0.32,0.09,43.0,0.9966,0.79,11.1,5
0.17,0.241,6.0,0.9961,0.59,10.3,6
0.04,0.076,8.0,0.99508,0.53,9.6,5
0.01,0.059,11.0,0.99242,0.4,12.8,6
0.21,0.086,20.0,0.99558,0.54,10.1,6
0.31,0.084,26.0,0.99824,0.64,10.1,6
0.32,0.081,32.0,0.9964,0.72,11.0,6
0.22,0.079,12.0,0.9976,0.51,9.6,5
0.07,0.089,10.0,0.99684,0.68,11.2,7
0.22,0.074,15.0,0.99438,0.82,11.2,6
0.27,0.083,17.0,0.99616,0.58,9.8,6
0.6,0.073,23.0,0.99656,0.79,11.1,6
0.0,0.087,3.0,0.99378,0.63,12.8,7
0.02,0.072,31.0,0.99566,0.68,11.0666666666667,6
0.27,0.11,34.0,0.99664,0.45,9.3,5
0.23,0.044,16.0,0.99352,0.65,12.5,6
0.28,0.078,21.0,0.998,0.51,9.8,5
0.02,0.066,8.0,0.9972,0.67,9.5,6
0.4,0.091,6.0,0.99704,0.65,10.0333333333333,6
0.02,0.08,15.0,0.99492,0.81,10.6,6
0.28,0.086,30.0,0.9979,0.53,9.4,5
0.27,0.08,11.0,0.99652,0.48,9.8,4
0.49,0.07,23.0,0.9922,0.5,11.5,6
0.49,0.096,21.0,0.99714,0.67,10.1,6
0.48,0.093,6.0,0.99408,0.62,12.4,7
0.12,0.072,38.0,0.99504,0.89,11.8,6
0.23,0.091,18.0,0.9994,0.64,10.3,6
0.45,0.067,7.0,0.99354,0.55,12.3,7
0.66,0.123,3.0,0.99642,0.53,11.9,6
0.09,0.049,17.0,0.9937,0.63,13.0,5
0.32,0.061,9.0,0.99416,0.49,11.3,7
0.0,0.166,6.0,0.99551,0.51,10.8,5
0.34,0.082,16.0,0.998,0.6,9.5,5
0.23,0.095,13.0,0.9998,0.59,9.7,5
0.48,0.065,5.0,0.9972,0.87,11.3,6
0.16,0.085,12.0,0.9968,0.62,9.5,7
0.61,0.112,13.0,0.997,0.54,9.1,5
0.19,0.094,19.0,0.99713,0.52,9.56666666666667,6
0.3,0.088,9.0,0.99725,1.18,10.5,6
0.34,0.094,10.0,0.99864,0.6,9.7,7
0.49,0.085,6.0,1.0021,0.68,12.7,6
0.23,0.077,23.0,0.9963,0.67,9.3,5
0.09,0.115,10.0,0.9971,0.62,9.5,5
0.25,0.081,10.0,0.99685,0.5,11.0,5
0.19,0.081,8.0,0.9984,0.58,10.5,6
0.5,0.079,28.0,0.9997,0.57,9.7,5
0.0,0.084,10.0,0.99656,0.5,9.8,5
0.26,0.07,36.0,0.9982,0.49,9.4,5
0.37,0.049,36.0,0.99007,0.44,12.7,6
0.24,0.077,18.0,0.9948,0.6,10.6,6
0.15,0.077,26.0,0.99314,0.82,11.6,6
0.17,0.084,25.0,0.99818,0.54,9.6,5
0.21,0.071,7.0,0.9964,0.55,9.7,5
0.26,0.401,16.0,0.9969,1.14,9.4,5
0.24,0.077,6.0,0.9974,0.57,9.4,5
0.24,0.078,1.0,0.999,0.87,10.3,6
0.75,0.084,23.0,0.9986,0.68,11.4,7
0.3,0.075,8.0,0.9959,0.56,10.4,6
0.02,0.096,10.0,0.995,0.53,11.8,6
0.25,0.118,9.0,0.99616,0.53,9.8,5
0.64,0.059,5.0,0.998,0.67,10.2,6
0.31,0.078,32.0,0.998,0.54,9.8,5
0.49,0.084,21.0,0.9987,0.57,9.7,5
0.44,0.075,10.0,1.00005,0.84,9.2,7
0.3,0.08,35.0,0.99693,0.5,9.4,5
0.64,0.122,10.0,0.998,0.66,12.5,6
0.38,0.058,10.0,0.9962,0.74,9.8,5
0.39,0.078,17.0,0.99444,0.77,12.5,7
0.06,0.06,11.0,0.9962,0.59,10.8,7
0.28,0.1,18.0,0.9966,0.67,9.4,5
0.34,0.082,5.0,0.9987,0.52,10.7,6
0.37,0.263,5.0,0.9971,1.09,9.3,5
0.22,0.094,5.0,0.99612,0.58,11.0,5
0.01,0.08,8.0,0.99746,0.73,10.5,5
0.21,0.08,33.0,0.9962,0.51,9.9,5
0.57,0.087,6.0,0.99676,0.72,11.1,7
0.5,0.068,13.0,0.996,0.87,11.4,6
0.05,0.086,4.0,0.9962,0.39,10.9,5
0.23,0.051,28.0,0.9952,0.55,12.1,6
0.19,0.075,22.0,0.99522,0.78,10.0,6
0.15,0.076,22.0,0.9957,0.62,9.3,5
0.4,0.073,14.0,0.99556,0.51,10.9,6
0.09,0.074,4.0,0.99534,0.45,9.6,5
0.0,0.082,8.0,0.9964,0.59,9.8,6
0.78,0.074,23.0,0.99677,0.48,10.5,6
0.19,0.094,30.0,0.99787,0.5,10.0,6
0.0,0.081,21.0,0.99518,0.52,10.8,5
0.28,0.087,18.0,1.0001,0.53,9.7,5
0.17,0.072,11.0,0.9963,0.45,9.3,5
0.49,0.088,39.0,0.9966,0.78,11.0,5
0.13,0.076,15.0,0.9973,0.64,9.8,5
0.04,0.119,14.0,0.9962,0.6,10.9,6
0.39,0.106,8.0,0.9986,0.5,9.6,5
0.25,0.067,72.0,0.99721,0.54,10.3,6
0.52,0.082,6.0,0.998,0.51,9.5,5
0.21,0.088,21.0,0.99692,0.83,11.1,6
0.08,0.068,28.0,0.99651,0.82,9.5,6
0.14,0.089,9.0,0.9984,0.63,9.8,5
0.12,0.178,6.0,0.996,0.87,9.8,6
0.05,0.075,5.0,0.99616,0.44,9.6,4
0.58,0.174,6.0,0.997,0.7,11.3,6
0.37,0.057,14.0,0.99614,0.49,9.3,4
0.69,0.078,12.0,0.9958,0.65,12.8,6
0.14,0.087,21.0,0.9964,0.57,10.5,6
0.28,0.012,36.0,0.99064,0.39,11.7,7
0.39,0.054,6.0,0.9976,0.47,10.0,5
0.33,0.081,22.0,0.9949,0.75,11.1,6
0.1,0.071,27.0,0.996,0.61,9.2,5
0.57,0.07,4.0,0.9971,0.63,9.6,5
0.26,0.079,42.0,0.9964,0.54,9.5,5
0.35,0.055,13.0,0.99394,0.59,11.3,7
0.0,0.072,26.0,0.99379,0.6,11.5,6
0.34,0.079,32.0,0.998,0.53,9.5,5
0.48,0.132,3.0,0.99577,0.57,13.2,6
0.49,0.088,11.0,0.9972,0.68,11.7,6
0.59,0.079,9.0,0.9976,0.54,12.0,6
0.0,0.097,14.0,0.99675,0.58,9.0,6
0.63,0.072,10.0,0.9968,0.78,12.5,7
0.4,0.082,6.0,0.99538,0.54,12.2,6
0.25,0.118,9.0,0.99616,0.53,9.8,5
0.14,0.093,13.0,0.99724,0.54,10.1,5
0.28,0.085,12.0,0.99633,0.7,11.0,6
0.49,0.095,10.0,1.00315,0.74,11.1,5
0.49,0.094,38.0,0.9982,0.59,9.1,5
0.09,0.065,34.0,0.99417,0.74,12.7,8
0.05,0.089,12.0,0.99735,0.61,10.0,5
0.25,0.077,21.0,0.9974,0.96,12.1,6
0.08,0.071,16.0,0.99376,0.77,11.1,6
0.09,0.117,9.0,0.99655,0.49,10.8,6
0.08,0.046,13.0,0.9924,0.85,13.0,7
0.7,0.464,22.0,0.9974,1.28,9.4,5
0.35,0.088,9.0,0.9963,0.62,9.4,5
0.39,0.074,3.0,0.99698,0.59,9.5,6
0.5,0.205,48.0,1.00242,0.75,8.8,5
0.14,0.076,15.0,0.99624,0.49,10.7,5
0.01,0.076,7.0,0.99668,0.54,9.6,5
0.09,0.053,24.0,0.99402,0.6,11.3,5
0.26,0.08,17.0,0.99584,0.52,9.9,5
0.22,0.078,33.0,0.99678,0.46,9.6,6
0.03,0.092,10.0,0.9966,0.47,9.6,5
0.01,0.077,20.0,0.99746,0.59,9.8,5
0.42,0.07,29.0,0.9973,0.72,10.5,5
0.57,0.074,27.0,0.9969,0.79,10.7,5
0.42,0.087,8.0,0.9972,0.61,10.5,6
0.66,0.083,7.0,1.0022,0.73,10.0,7
0.28,0.082,31.0,0.99694,0.48,9.4,5
0.26,0.088,23.0,0.9981,0.74,9.2,6
0.23,0.088,17.0,0.9962,0.48,9.5,5
0.66,0.123,3.0,0.99642,0.53,11.9,6
0.0,0.048,16.0,0.99154,0.74,14.0,7
0.12,0.099,16.0,0.9969,0.61,9.5,5
0.02,0.084,13.0,0.99538,0.54,10.5,6
0.09,0.065,7.0,0.99685,0.55,9.0,6
0.29,0.081,27.0,0.99603,0.54,10.3,5
