fixed acidity,volatile acidity,citric acid,total sulfur dioxide,density,alcohol,quality
6.7,0.56,0.09,22.0,0.99669,10.2,5
7.3,0.735,0.0,28.0,0.99765,9.4,5
7.7,0.41,0.76,45.0,0.9968,9.4,5
10.6,0.48,0.64,20.0,0.997,11.7,6
7.0,0.56,0.13,42.0,0.99629,9.2,5
12.4,0.4,0.51,24.0,0.9994,9.3,6
8.7,0.82,0.02,48.0,0.9952,9.8,5
10.2,0.67,0.39,17.0,0.9976,10.0,5
7.2,0.725,0.05,11.0,0.9962,10.9,5
7.4,0.785,0.19,98.0,0.99713,9.6,6
7.9,0.545,0.06,61.0,0.9965,10.7,6
12.3,0.39,0.63,18.0,1.0004,9.5,5
10.0,0.32,0.59,15.0,0.9994,9.6,5
6.1,0.64,0.02,46.0,0.99358,11.0,5
9.8,0.66,0.39,59.0,0.9989,11.5,7
12.6,0.41,0.54,41.0,0.99939,11.3,6
7.9,0.43,0.21,37.0,0.9966,9.5,5
9.0,0.39,0.4,50.0,0.99478,10.9,6
10.4,0.44,0.73,76.0,0.999,12.0,7
7.6,0.42,0.25,90.0,0.99784,9.1,5
8.2,0.28,0.6,22.0,0.99828,10.6,5
5.4,0.58,0.08,31.0,0.99484,10.2,6
9.6,0.6,0.5,71.0,0.9997,9.7,5
7.0,0.22,0.3,20.0,0.99672,10.0,6
7.9,0.18,0.4,67.0,0.996,11.3,5
8.1,0.78,0.23,15.0,0.997,11.3,5
11.9,0.4,0.65,27.0,0.9988,11.3,6
8.3,0.3,0.49,24.0,0.99498,12.1,7
7.5,0.59,0.22,60.0,0.99499,9.2,5
9.9,0.35,0.41,61.0,0.9982,9.5,5
7.2,0.34,0.32,113.0,0.9966,11.1,5
6.6,0.61,0.01,25.0,0.99746,10.5,5
7.2,0.38,0.3,70.0,0.99685,9.5,6
11.7,0.49,0.49,15.0,1.0,9.2,5
6.9,0.4,0.24,45.0,0.9959,10.0,5
8.3,0.26,0.37,23.0,0.9974,9.6,6
10.6,0.5,0.45,68.0,0.99708,10.9,6
6.9,0.54,0.04,27.0,0.9987,9.4,6
10.2,0.67,0.39,17.0,0.9976,10.0,5
6.5,0.61,0.0,59.0,0.99541,11.5,6
6.8,0.41,0.31,45.0,0.99824,10.1,6
9.9,0.59,0.07,71.0,1.00015,9.8,5
7.0,0.55,0.13,35.0,0.9959,9.7,6
9.0,0.69,0.0,38.0,0.999,9.3,5
6.4,0.4,0.23,12.0,0.9958,9.2,5
6.8,0.69,0.0,58.0,0.9997,10.2,5
7.1,0.75,0.01,18.0,0.99242,12.8,6
7.0,0.43,0.3,39.0,0.99346,11.9,6
9.8,0.5,0.34,45.0,0.99864,9.7,7
8.0,0.33,0.53,80.0,0.9976,9.6,6
9.0,0.62,0.04,90.0,0.9984,9.4,5
6.3,0.3,0.48,61.0,0.9959,10.3,6
7.2,0.62,0.06,84.0,0.99746,9.7,5
7.6,0.5,0.29,14.0,0.99502,11.5,6
11.4,0.36,0.69,21.0,1.0,9.2,6
7.0,0.57,0.02,26.0,0.99575,10.2,5
9.0,0.45,0.49,75.0,0.9987,9.7,5
10.9,0.39,0.47,14.0,0.9982,9.8,6
7.7,0.965,0.1,22.0,0.9963,9.5,5
6.7,0.7,0.08,16.0,0.99334,12.6,5
7.0,0.58,0.12,124.0,0.9956,10.5,5
8.0,0.43,0.36,48.0,0.9976,9.4,5
8.7,0.33,0.38,19.0,0.99468,12.0,7
6.8,0.65,0.02,15.0,0.99498,10.4,6
7.6,0.35,0.6,44.0,0.99656,11.1,6
8.5,0.28,0.56,103.0,0.9969,10.5,7
7.4,0.49,0.27,25.0,0.99388,12.0,6
7.5,0.42,0.31,42.0,0.9978,9.0,5
6.8,0.815,0.0,29.0,0.99471,9.8,3
10.0,0.48,0.24,32.0,1.0,10.0,6
10.1,0.45,0.23,18.0,0.99774,9.3,6
7.8,0.6,0.26,131.0,0.99622,9.9,5
7.3,0.52,0.32,70.0,0.99418,12.9,6
6.4,0.36,0.21,48.0,0.99661,9.7,6
7.2,0.36,0.46,44.0,0.99534,11.0,7
8.8,0.61,0.3,46.0,0.9976,9.3,4
7.2,0.63,0.0,38.0,0.99675,9.0,6
7.8,0.6,0.14,15.0,0.9975,10.8,6
8.9,0.84,0.34,10.0,0.99554,9.1,6
8.5,0.46,0.59,45.0,0.99702,9.2,5
7.4,0.63,0.07,37.0,0.9979,9.7,6
5.6,0.66,0.0,11.0,0.99378,12.8,7
11.9,0.58,0.66,37.0,0.9992,10.0,5
12.0,0.63,0.5,26.0,0.99791,10.4,4
11.3,0.36,0.66,8.0,0.99642,11.9,6
8.2,0.42,0.49,55.0,0.9988,8.7,6
8.3,0.26,0.37,23.0,0.9974,9.6,6
6.4,0.795,0.0,52.0,0.99378,11.6,5
9.1,0.4,0.5,16.0,0.99462,12.5,8
7.6,0.48,0.31,15.0,0.99693,10.3,6
9.2,0.31,0.36,31.0,0.99615,12.0,7
8.0,0.42,0.32,122.0,0.99801,9.7,5
6.8,0.48,0.25,61.0,0.9953,10.4,5
7.2,0.6,0.04,88.0,0.99745,9.5,5
8.4,0.65,0.6,90.0,0.9973,9.2,5
7.1,0.56,0.14,18.0,0.99592,9.3,5
8.1,0.56,0.28,56.0,0.9968,9.3,5
7.8,0.61,0.29,29.0,0.9974,9.1,5
8.9,0.5,0.21,39.0,0.99692,11.1,6
7.1,0.61,0.02,87.0,0.99745,9.7,6
9.9,0.74,0.19,76.0,0.99878,9.4,5
7.7,0.69,0.49,112.0,0.9968,9.3,5
6.0,0.49,0.0,33.0,0.99292,12.5,6
7.6,0.74,0.0,12.0,0.99521,11.0,5
6.8,0.51,0.01,25.0,0.9958,9.5,6
11.5,0.45,0.5,47.0,1.0003,11.0,6
15.6,0.645,0.49,23.0,1.00315,11.1,5
7.9,0.19,0.42,30.0,0.994,11.2,6
9.3,0.39,0.44,125.0,0.9978,9.5,5
9.1,0.28,0.48,46.0,0.9967,10.6,6
8.1,0.785,0.52,153.0,0.9969,9.3,5
8.7,0.54,0.26,31.0,0.9976,9.3,6
7.6,0.49,0.33,85.0,0.99706,9.0,5
7.2,0.62,0.06,85.0,0.99746,9.5,5
8.5,0.32,0.42,19.0,0.99434,11.8,7
9.4,0.27,0.53,18.0,0.9962,12.0,7
12.8,0.615,0.66,42.0,1.0022,10.0,7
7.5,0.61,0.26,88.0,0.99612,9.8,5
9.9,0.54,0.45,40.0,0.9991,9.4,5
7.5,0.41,0.15,94.0,0.99786,9.1,5
7.4,0.64,0.07,23.0,0.9961,9.6,5
5.8,0.29,0.26,11.0,0.9915,13.5,6
7.5,0.58,0.56,14.0,0.99476,11.6,6
8.3,0.42,0.38,60.0,0.9979,10.8,6
7.3,0.34,0.33,37.0,0.9952,12.1,7
7.1,0.43,0.42,129.0,0.9973,10.5,5
9.3,0.4,0.49,142.0,0.9978,9.4,5
8.6,0.47,0.47,29.0,0.9979,9.5,5
8.1,0.78,0.23,15.0,0.997,11.3,5
8.2,0.78,0.0,26.0,0.9978,9.6,4
9.9,0.72,0.55,52.0,0.99752,10.0,5
7.5,0.65,0.18,94.0,0.99915,9.4,5
6.3,0.51,0.13,40.0,0.99574,11.0,6
9.3,0.49,0.36,14.0,0.99702,10.9,6
8.8,0.3,0.38,72.0,0.99543,11.8,6
6.5,0.51,0.15,27.0,0.9929,12.8,6
8.3,0.655,0.12,113.0,0.9966,9.8,5
9.7,0.31,0.47,33.0,0.9983,10.0,6
7.8,0.62,0.05,18.0,0.99735,9.3,5
11.9,0.695,0.53,21.0,0.9992,12.2,7
9.8,0.44,0.47,28.0,0.9981,10.8,6
7.8,0.7,0.06,35.0,0.99628,10.9,5
8.8,0.44,0.49,111.0,0.9982,9.5,5
10.0,0.73,0.43,31.0,0.9966,11.0,5
10.8,0.29,0.42,27.0,0.99545,11.9,6
6.8,0.67,0.15,20.0,0.9954,11.3,6
6.6,0.61,0.01,25.0,0.99746,10.5,5
11.2,0.28,0.56,60.0,0.998,9.8,6
7.8,0.5,0.3,22.0,0.9959,10.4,6
7.3,0.51,0.18,28.0,0.99768,9.5,6
7.3,0.32,0.23,70.0,0.99588,10.1,5
9.9,0.5,0.5,82.0,1.00242,8.8,5
8.8,0.55,0.04,56.0,0.9962,10.9,6
7.2,0.38,0.38,42.0,0.99356,12.9,7
7.8,0.56,0.19,108.0,0.9962,9.5,5
6.8,0.77,0.0,52.0,0.9976,9.9,5
7.0,0.69,0.08,89.0,0.9959,9.2,6
8.9,0.875,0.13,14.0,0.9994,11.5,5
6.6,0.88,0.04,20.0,0.99636,9.9,5
10.4,0.55,0.23,48.0,0.9994,10.3,6
9.2,0.43,0.52,23.0,0.9976,11.3,6
6.9,0.45,0.11,12.0,0.99354,11.4,6
7.4,0.37,0.43,82.0,0.99708,9.7,6
6.6,0.84,0.03,48.0,0.9952,12.3,7
10.4,0.52,0.45,13.0,0.99774,11.4,6
5.6,0.915,0.0,78.0,0.99346,11.4,5
7.5,0.6,0.03,99.0,0.995,10.1,5
11.6,0.23,0.57,8.0,0.9981,9.9,6
8.9,0.29,0.35,57.0,0.997,10.3,6
9.8,1.24,0.34,151.0,0.998,9.5,5
8.9,0.5,0.21,39.0,0.99692,11.1,6
8.0,0.5,0.39,46.0,0.9985,10.7,6
7.6,0.54,0.13,66.0,0.99785,9.4,5
7.1,0.22,0.49,18.0,0.99344,12.4,6
9.3,0.43,0.44,22.0,0.99708,9.5,5
7.8,0.64,0.0,55.0,0.9962,11.0,5
7.5,0.63,0.27,91.0,0.99616,9.8,6
10.5,0.28,0.51,24.0,0.9982,9.4,6
9.3,0.775,0.27,56.0,0.9984,10.6,6
15.9,0.36,0.65,71.0,0.9976,14.9,5
7.6,0.36,0.31,65.0,0.99716,9.5,6
6.4,0.47,0.4,19.0,0.9963,10.6,6
9.2,0.59,0.24,47.0,0.9988,9.6,5
8.5,0.21,0.52,23.0,0.99648,10.4,5
9.4,0.3,0.56,17.0,0.9964,11.7,8
11.5,0.18,0.51,23.0,0.9996,10.1,6
6.1,0.38,0.15,19.0,0.9955,9.4,5
7.0,0.57,0.0,45.0,0.99676,9.4,6
7.2,0.605,0.02,31.0,0.995,11.8,6
7.2,0.34,0.24,52.0,0.99576,10.1,5
7.3,0.38,0.21,35.0,0.9961,9.5,5
8.4,0.25,0.39,10.0,0.99386,12.5,7
12.3,0.27,0.49,46.0,0.9993,10.2,6
6.9,0.84,0.21,65.0,0.99842,9.23333333333333,6
7.7,1.005,0.15,32.0,0.99604,10.0,5
10.2,0.645,0.36,14.0,0.9982,10.0,6
8.5,0.66,0.2,113.0,0.99733,9.2,5
8.2,0.915,0.27,23.0,0.9962,10.0,4
12.8,0.3,0.74,28.0,0.9994,10.8,7
10.5,0.39,0.46,27.0,0.99598,11.4,6
8.7,0.7,0.24,15.0,0.9991,9.0,6
8.0,0.59,0.05,32.0,0.99735,10.0,5
7.7,0.56,0.08,46.0,0.9971,9.6,6
6.6,0.58,0.02,53.0,0.99374,11.6,7
9.9,0.5,0.24,14.0,0.9978,10.0,4
10.2,0.23,0.37,36.0,0.99614,9.3,4
7.5,0.57,0.08,27.0,0.99592,10.4,6
8.3,0.26,0.42,27.0,0.9974,9.4,6
10.4,0.24,0.49,20.0,0.9977,11.0,6
9.5,0.46,0.24,44.0,0.998,10.0,6
7.1,0.67,0.0,27.0,0.99768,9.4,5
7.1,0.84,0.02,13.0,0.997,11.0,4
7.6,0.62,0.32,54.0,0.9966,9.4,5
9.3,0.36,0.39,55.0,0.99652,10.9,6
8.1,0.545,0.18,35.0,0.9972,9.0,6
6.4,0.64,0.21,31.0,0.99689,9.8,5
6.5,0.53,0.06,44.0,0.99489,10.3,6
6.9,0.41,0.31,51.0,0.99668,9.5,6
7.5,0.57,0.02,35.0,0.99557,10.8,6
8.7,0.42,0.45,59.0,0.99617,12.0,6
7.4,0.61,0.01,38.0,0.99748,9.8,5
7.9,0.49,0.32,144.0,0.9968,9.5,5
10.0,0.31,0.47,33.0,0.99965,10.5,7
6.4,0.42,0.09,64.0,0.99724,10.4,6
6.6,0.725,0.2,79.0,0.9977,9.2,5
7.2,0.73,0.02,42.0,0.9972,9.3,5
6.6,0.705,0.07,15.0,0.9962,10.7,5
7.8,0.56,0.19,47.0,0.9964,9.5,5
8.9,0.38,0.4,28.0,0.99486,12.6,7
8.1,0.725,0.22,41.0,0.9967,9.1,5
10.4,0.575,0.61,24.0,1.0,9.0,5
8.2,0.24,0.34,22.0,0.9974,10.9,6
7.6,0.715,0.0,35.0,0.99533,11.4,6
7.8,0.55,0.0,17.0,0.99659,9.4,6
10.3,0.27,0.56,8.0,0.99471,11.8,6
9.7,0.295,0.4,21.0,0.99556,10.9,6
6.8,0.785,0.0,30.0,0.9966,10.7,6
11.5,0.59,0.59,49.0,0.9988,11.0,6
10.3,0.41,0.42,14.0,0.9994,9.5,6
7.5,0.5,0.36,102.0,0.9978,10.5,5
9.6,0.38,0.42,13.0,0.99659,10.5,6
7.4,0.6,0.26,91.0,0.99616,9.8,6
10.7,0.35,0.53,16.0,0.9972,11.0,8
8.5,0.18,0.51,88.0,0.99524,11.8,7
12.2,0.45,0.49,6.0,0.9969,10.4,5
6.7,0.48,0.08,34.0,0.99552,9.7,5
8.4,0.62,0.09,108.0,0.9964,9.8,5
7.9,0.4,0.29,44.0,0.9973,9.5,6
10.2,0.4,0.4,54.0,0.99754,10.5,6
8.2,0.6,0.17,73.0,0.9963,9.3,5
8.3,0.49,0.36,16.0,0.998,9.5,6
7.7,0.39,0.12,27.0,0.99596,9.4,5
7.2,0.725,0.05,11.0,0.9962,10.9,5
10.8,0.45,0.33,38.0,0.99818,10.8,5
9.2,0.58,0.2,115.0,0.998,9.5,5
11.6,0.42,0.53,98.0,1.001,9.2,5
6.8,0.81,0.05,14.0,0.99562,10.8,6
6.7,0.64,0.23,119.0,0.99538,10.9,5
8.9,0.4,0.51,27.0,0.995,13.4,7
7.1,0.46,0.14,37.0,0.99624,10.7,5
6.4,0.57,0.14,73.0,0.99669,9.2,5
7.3,0.585,0.18,60.0,0.99638,9.8,5
7.8,0.58,0.02,18.0,0.9968,9.5,7
9.2,0.56,0.18,21.0,0.99576,9.9,5
8.0,0.725,0.24,62.0,0.99685,10.0,6
9.8,0.34,0.39,7.0,0.9947,11.4,7
6.0,0.51,0.0,54.0,0.995,10.7,6
10.8,0.32,0.44,37.0,0.9985,10.0,6
9.4,0.615,0.28,72.0,1.0001,9.7,5
8.4,1.035,0.15,54.0,0.999,9.9,5
7.7,0.75,0.27,89.0,0.99664,9.3,5
8.9,0.4,0.32,47.0,0.9991,10.5,7
6.5,0.615,0.0,18.0,0.9972,9.2,5
8.3,0.615,0.22,19.0,0.9982,9.3,5
6.7,0.16,0.64,52.0,0.99494,11.2,6
6.8,0.63,0.12,126.0,0.9969,9.5,5
9.1,0.785,0.0,28.0,0.9994,9.4,6
8.4,0.36,0.32,79.0,0.9964,11.0,6
6.9,0.52,0.25,37.0,0.99685,11.0,5
6.6,0.855,0.02,23.0,0.99627,11.0,6
7.7,0.56,0.2,39.0,0.9987,9.3,5
7.9,0.29,0.49,59.0,0.99714,10.1,6
6.2,0.64,0.09,26.0,0.99538,12.0,5
7.4,0.47,0.46,20.0,0.99647,10.5,5
6.3,0.47,0.0,33.0,0.9922,12.3,6
6.7,0.28,0.28,100.0,0.99064,11.7,7
7.3,0.74,0.08,45.0,0.99576,9.8,5
13.8,0.49,0.67,15.0,0.9986,12.0,6
6.7,0.675,0.07,82.0,0.9958,10.1,5
7.5,0.5,0.36,102.0,0.9978,10.5,5
7.0,0.69,0.07,21.0,0.99572,11.3,6
7.1,0.62,0.06,12.0,0.9942,9.8,5
7.1,0.72,0.0,14.0,0.99627,9.8,5
8.9,0.48,0.24,106.0,0.9982,9.2,5
8.9,0.35,0.4,24.0,0.99549,12.0,7
10.5,0.36,0.47,23.0,0.99638,12.0,6
7.0,0.51,0.09,9.0,0.99584,10.5,5
13.0,0.47,0.49,47.0,1.0021,12.7,6
11.4,0.625,0.66,24.0,0.9988,13.3,6
7.5,0.6,0.32,98.0,0.99938,9.5,5
8.3,0.34,0.4,48.0,0.99554,11.0,6
9.4,0.5,0.34,14.0,0.9987,10.7,6
8.2,0.57,0.26,65.0,0.9959,10.1,5
9.9,0.59,0.07,71.0,1.00015,9.8,5
8.4,0.62,0.12,46.0,0.99504,11.8,6
5.6,0.5,0.09,99.0,0.9937,13.0,5
7.1,0.34,0.28,68.0,0.99694,9.4,5
9.2,0.43,0.49,116.0,0.9976,9.5,5
11.3,0.36,0.66,8.0,0.99642,11.9,6
6.4,0.865,0.03,58.0,0.995,12.7,6
8.7,0.78,0.51,66.0,0.99623,9.2,5
7.7,0.96,0.2,60.0,0.9955,10.9,5
9.0,0.58,0.25,104.0,0.99779,9.7,5
6.6,0.725,0.09,17.0,0.99655,10.8,6
8.2,0.35,0.33,47.0,0.99599,11.0,6
11.1,0.18,0.48,15.0,0.9973,10.1,6
7.4,0.49,0.27,25.0,0.99388,12.0,6
6.9,0.605,0.12,83.0,0.9993,9.4,6
7.5,0.52,0.42,38.0,0.9972,10.5,6
6.6,0.58,0.0,63.0,0.99544,11.4,6
7.7,0.6,0.0,13.0,0.99639,10.8,5
9.9,0.35,0.41,61.0,0.9982,9.5,5
9.5,0.55,0.66,37.0,0.9982,9.6,5
9.2,0.41,0.5,25.0,0.9952,13.3,7
12.0,0.45,0.55,49.0,0.9997,10.3,6
7.2,0.33,0.33,13.0,0.996,10.0,8
15.5,0.645,0.49,23.0,1.00315,11.1,5
7.1,0.6,0.01,37.0,0.99514,10.9,6
7.2,0.58,0.54,9.0,0.99719,10.3,4
6.8,0.64,0.03,31.0,0.99545,10.4,6
7.3,0.65,0.0,21.0,0.9946,10.0,7
11.9,0.43,0.66,23.0,1.0,10.4,7
9.3,0.715,0.24,20.0,0.9966,9.9,5
11.5,0.18,0.51,23.0,0.9996,10.1,6
6.2,0.43,0.22,56.0,0.99633,9.5,6
7.3,0.305,0.39,11.0,0.99331,11.5,6
6.6,0.8,0.03,12.0,0.9963,12.2,5
11.1,0.39,0.54,101.0,1.0001,9.5,5
9.1,0.47,0.49,106.0,0.9982,9.1,5
10.2,0.29,0.65,17.0,0.99565,11.8,6
10.4,0.38,0.46,10.0,0.99664,11.8,7
6.8,0.68,0.09,29.0,0.99524,11.1,4
7.2,0.6,0.04,88.0,0.99745,9.5,5
10.3,0.27,0.24,33.0,0.9956,12.8,6
8.0,0.52,0.03,35.0,0.99575,10.0,5
7.0,0.23,0.4,67.0,0.9952,11.1,5
9.3,0.36,0.39,55.0,0.99652,10.9,6
9.6,0.68,0.24,28.0,0.9988,10.2,5
5.9,0.19,0.21,135.0,0.99341,9.5,5
8.7,0.765,0.22,42.0,0.9963,9.4,5
7.3,0.305,0.39,11.0,0.99331,11.5,6
6.9,0.63,0.02,30.0,0.99712,9.8,5
9.0,0.46,0.31,98.0,0.99815,9.5,6
8.2,0.4,0.31,24.0,0.996,10.6,6
7.7,0.935,0.43,114.0,0.997,9.2,5
13.3,0.34,0.52,53.0,1.0014,9.5,6
9.8,0.51,0.19,30.0,0.9984,10.5,6
7.9,0.53,0.24,105.0,0.996,9.4,6
7.9,0.4,0.3,45.0,0.99727,9.5,6
8.2,0.73,0.21,13.0,0.9968,9.5,5
7.2,0.36,0.46,44.0,0.99534,11.0,7
11.2,0.5,0.74,17.0,0.9996,11.2,5
10.5,0.24,0.47,24.0,0.9978,11.0,7
6.4,0.31,0.09,28.0,0.99459,10.0,7
5.6,0.31,0.37,96.0,0.9954,9.2,5
9.3,0.38,0.48,11.0,0.99577,13.2,6
13.7,0.415,0.68,43.0,1.0014,10.0,6
8.2,0.34,0.38,57.0,0.9978,9.0,6
15.0,0.21,0.44,24.0,1.00005,9.2,7
7.1,0.53,0.07,24.0,0.9951,10.8,6
6.8,0.83,0.09,25.0,0.99534,9.6,5
7.3,0.48,0.32,54.0,0.99728,10.0,7
12.5,0.46,0.49,49.0,0.9981,9.6,4
9.1,0.66,0.15,59.0,0.99976,9.6,5
6.6,0.96,0.0,16.0,0.9936,11.9,6
9.9,0.25,0.46,42.0,0.9959,10.6,6
6.8,0.67,0.0,39.0,0.99701,9.7,5
6.2,0.7,0.15,27.0,0.99622,11.9,6
7.6,0.42,0.08,48.0,0.9968,10.0,5
6.4,0.63,0.21,32.0,0.99689,9.8,5
7.3,0.45,0.36,87.0,0.9978,10.5,5
10.5,0.24,0.42,22.0,0.9976,10.8,7
9.6,0.56,0.31,46.0,0.9979,10.0,6
8.1,0.33,0.44,12.0,0.99542,10.7,5
5.4,0.74,0.0,46.0,0.99258,12.5,6
6.9,0.54,0.3,105.0,0.99725,10.5,6
7.8,0.34,0.37,58.0,0.9964,9.4,6
8.0,0.6,0.22,105.0,0.99613,9.9,5
5.1,0.585,0.0,86.0,0.99264,12.9,7
6.4,0.69,0.0,12.0,0.99162,12.9,6
6.7,0.75,0.12,80.0,0.9958,10.1,5
7.4,0.64,0.07,23.0,0.9961,9.6,5
7.4,0.6,0.26,121.0,0.9982,9.4,5
10.1,0.935,0.22,86.0,1.001,11.3,4
6.2,0.36,0.24,42.0,0.9946,11.7,6
8.4,0.62,0.12,46.0,0.99504,11.8,6
6.8,0.64,0.1,101.0,0.9956,10.2,5
9.0,0.785,0.24,21.0,0.99692,10.0,5
7.0,0.58,0.28,69.0,0.99633,11.0,6
10.9,0.21,0.49,32.0,0.9972,11.7,6
6.7,0.46,0.24,34.0,0.9948,10.6,6
7.0,0.38,0.49,85.0,0.9962,11.4,6
7.5,0.51,0.02,31.0,0.99538,10.5,6
7.8,0.5,0.17,102.0,0.996,9.5,5
8.7,0.52,0.09,49.0,0.9976,10.6,7
6.1,0.715,0.1,27.0,0.99362,11.9,5
7.8,0.56,0.19,105.0,0.9962,9.5,5
7.7,0.26,0.26,77.0,0.9951,10.9,6
13.2,0.46,0.52,35.0,1.0006,9.0,6
8.4,0.37,0.43,19.0,0.9955,11.2,7
6.0,0.5,0.04,26.0,0.99647,10.0,5
8.3,0.6,0.13,24.0,0.9984,9.2,6
6.9,0.41,0.33,36.0,0.9949,11.1,6
7.6,0.39,0.31,71.0,0.9982,9.7,5
7.2,0.695,0.13,20.0,0.99546,10.1,5
6.6,0.7,0.08,27.0,0.99665,10.2,5
10.1,0.28,0.46,13.0,0.9974,10.2,6
8.8,0.3,0.38,72.0,0.99543,11.8,6
6.1,0.48,0.09,30.0,0.99402,11.2,6
7.0,0.42,0.35,39.0,0.9961,9.2,5
7.4,0.64,0.17,98.0,0.99736,9.5,5
7.0,0.36,0.21,65.0,0.99558,10.1,6
7.3,0.835,0.03,19.0,0.9966,9.6,5
13.4,0.27,0.62,21.0,1.0002,9.7,6
8.0,0.62,0.33,37.0,0.9972,10.7,6
8.9,0.22,0.48,60.0,0.9968,9.4,6
6.8,0.56,0.03,35.0,0.9968,10.0,6
9.6,0.41,0.37,23.0,0.99786,10.5,5
8.5,0.46,0.31,58.0,0.998,9.8,5
8.0,0.45,0.23,29.0,0.9962,10.2,6
7.7,0.63,0.08,27.0,0.9967,9.5,6
7.3,0.4,0.3,79.0,0.9969,9.5,6
8.8,0.66,0.26,23.0,0.9971,9.2,5
11.3,0.37,0.41,16.0,0.9988,9.3,5
10.0,0.58,0.22,32.0,0.9974,9.5,5
9.9,0.44,0.46,41.0,0.99638,11.9,6
7.4,0.59,0.08,29.0,0.9974,9.0,4
6.2,0.39,0.43,24.0,0.99428,11.2,7
6.9,1.09,0.06,31.0,0.9948,11.4,4
8.0,1.18,0.21,41.0,0.99532,10.5,5
13.2,0.46,0.52,35.0,1.0006,9.0,6
10.7,0.52,0.38,56.0,0.99577,12.1,7
9.1,0.28,0.46,9.0,0.99901,10.9,6
7.6,0.9,0.06,10.0,0.9967,9.8,5
7.8,0.76,0.04,54.0,0.997,9.8,5
8.4,0.56,0.08,44.0,0.9958,11.0,5
8.8,0.46,0.45,18.0,0.9947,14.0,6
7.5,0.71,0.0,31.0,0.99635,10.0,6
7.5,0.63,0.12,110.0,0.9983,9.4,5
8.4,0.56,0.04,22.0,0.9976,9.6,5
9.4,0.395,0.46,10.0,0.99639,12.2,7
10.6,0.31,0.49,40.0,0.9976,9.8,6
6.5,0.88,0.03,47.0,0.99572,11.2,4
6.1,0.53,0.08,45.0,0.99528,10.3,6
11.9,0.37,0.69,24.0,0.9958,12.8,6
7.1,0.875,0.05,14.0,0.99808,10.2,3
7.0,0.745,0.12,64.0,0.99588,9.5,6
6.4,0.53,0.09,31.0,0.9968,11.0,4
7.7,0.57,0.21,9.0,0.99458,9.8,6
8.2,0.74,0.09,10.0,0.99418,11.8,6
12.0,0.38,0.56,24.0,0.99925,10.9,6
12.2,0.48,0.54,64.0,1.0,10.5,6
7.7,0.49,0.26,31.0,0.9966,9.6,5
8.7,0.52,0.09,49.0,0.9976,10.6,7
5.8,0.61,0.11,28.0,0.99483,10.9,6
7.9,0.58,0.23,94.0,0.99686,9.5,6
7.1,0.59,0.02,94.0,0.99744,9.7,6
7.5,0.43,0.3,12.0,0.99495,11.5,7
9.9,0.5,0.5,82.0,1.00242,8.8,5
8.8,0.48,0.41,52.0,0.9982,10.5,6
12.0,0.37,0.76,38.0,1.0004,13.0,7
6.8,0.59,0.06,18.0,0.9962,10.8,7
10.9,0.32,0.52,44.0,0.99734,11.5,6
7.2,0.655,0.03,12.0,0.99587,9.5,5
9.1,0.4,0.57,20.0,0.99652,12.5,6
7.1,0.63,0.06,29.0,0.99855,9.6,5
6.9,0.56,0.03,46.0,0.99522,10.6,5
8.0,0.83,0.27,63.0,0.99652,9.8,4
9.2,0.63,0.21,65.0,0.9988,9.6,5
9.9,0.54,0.45,40.0,0.9991,9.4,5
10.0,0.42,0.5,21.0,0.9979,11.8,6
7.8,0.59,0.18,54.0,0.9975,10.0,5
6.2,0.58,0.0,18.0,0.9966,9.4,5
8.0,0.18,0.37,109.0,0.99007,12.7,6
7.2,0.39,0.44,48.0,0.99494,11.5,6
8.8,0.27,0.46,29.0,0.99488,11.3,6
7.3,0.49,0.1,14.0,0.99562,10.5,5
8.0,0.57,0.23,119.0,0.99675,9.3,5
9.7,0.69,0.32,91.0,0.9979,10.1,5
10.2,0.34,0.48,9.0,0.99458,12.1,7
7.9,0.69,0.21,141.0,0.9962,9.9,5
9.3,0.61,0.26,87.0,0.99975,9.7,5
7.4,0.67,0.12,21.0,0.996,9.5,5
7.5,0.49,0.19,44.0,0.9957,9.7,5
10.6,0.36,0.57,20.0,0.99676,11.1,7
7.6,0.49,0.33,85.0,0.99706,9.0,5
7.8,0.5,0.09,42.0,0.9971,9.5,5
10.2,0.54,0.37,95.0,1.00369,9.0,6
7.9,0.18,0.4,20.0,0.9941,11.1,5
7.7,0.43,0.25,63.0,0.99615,10.5,6
5.2,0.49,0.26,74.0,0.9953,12.2,6
6.7,0.67,0.02,42.0,0.99489,10.9,6
8.9,0.31,0.36,39.0,0.99562,11.8,5
8.4,0.745,0.11,63.0,0.9965,9.6,5
8.4,0.36,0.32,79.0,0.9964,11.0,6
7.1,0.68,0.0,26.0,0.99783,9.5,5
7.6,0.43,0.31,74.0,0.9958,9.9,6
8.9,0.565,0.34,112.0,0.9998,9.5,5
7.1,0.31,0.3,127.0,0.9965,9.5,5
6.4,0.57,0.02,11.0,0.997,9.5,5
8.8,0.37,0.48,145.0,0.9975,9.3,5
8.2,0.56,0.23,104.0,0.9976,9.4,5
7.4,0.66,0.0,40.0,0.9978,9.4,5
7.8,0.63,0.48,96.0,0.9961,9.5,5
6.6,0.58,0.02,40.0,0.99387,12.6,6
7.0,0.805,0.0,20.0,0.9969,9.6,5
6.7,0.62,0.21,62.0,0.997,9.3,6
10.6,0.42,0.48,18.0,0.9972,11.3,6
6.7,0.855,0.02,38.0,0.99472,10.75,6
5.0,0.4,0.5,80.0,0.9902,13.6,6
10.5,0.26,0.47,24.0,0.9976,10.9,7
7.9,0.885,0.03,8.0,0.9972,9.1,4
6.9,0.58,0.01,54.0,0.99683,9.7,5
7.8,0.55,0.35,66.0,0.9974,9.2,5
6.8,0.68,0.21,23.0,0.99546,10.3,5
8.3,0.76,0.29,16.0,0.9965,11.5,6
8.6,0.22,0.36,77.0,0.99604,11.0,7
9.4,0.4,0.31,62.0,0.9966,10.5,6
8.4,0.52,0.22,18.0,0.99682,9.9,6
7.0,0.78,0.08,19.0,0.9956,10.0,5
6.9,0.635,0.17,18.0,0.9961,10.3,6
6.6,0.61,0.0,8.0,0.99396,10.4,4
8.0,0.6,0.22,105.0,0.99613,9.9,5
6.5,0.67,0.0,20.0,0.99488,11.8,4
9.1,0.3,0.41,24.0,0.99523,11.7,7
9.8,0.3,0.39,9.0,0.9948,11.5,7
8.1,0.87,0.0,31.0,0.99656,9.8,5
8.9,0.4,0.32,47.0,0.9991,10.5,7
9.6,0.5,0.36,55.0,0.99722,10.9,5
8.7,0.31,0.46,25.0,0.9966,10.1,6
7.2,0.49,0.24,36.0,0.996,9.4,5
7.3,0.33,0.47,11.0,0.9958,10.3,6
7.7,0.58,0.01,18.0,0.99568,10.5,7
7.7,0.58,0.1,109.0,0.99565,9.8,6
8.8,0.955,0.05,19.0,0.99616,9.6,4
14.3,0.31,0.74,15.0,1.0008,8.4,6
7.0,0.5,0.25,22.0,0.9963,9.2,5
6.8,0.61,0.2,65.0,0.9971,9.3,5
6.8,0.69,0.0,58.0,0.9997,10.2,5
8.0,0.71,0.0,34.0,0.9976,9.5,5
8.8,0.6,0.29,15.0,0.9988,9.1,5
8.0,0.52,0.25,59.0,0.99612,10.2,5
11.1,0.31,0.53,10.0,0.99572,10.9,7
8.6,0.42,0.39,12.0,0.99516,11.7,8
7.2,0.63,0.0,38.0,0.99675,9.0,6
12.6,0.38,0.66,41.0,1.001,9.8,6
7.3,0.55,0.03,42.0,0.9956,9.0,4
8.7,0.63,0.28,69.0,0.99734,10.2,6
10.4,0.28,0.54,19.0,0.9988,9.5,5
6.6,0.5,0.0,28.0,0.99352,12.3,6
7.8,0.645,0.0,16.0,0.9964,9.8,6
10.0,0.26,0.54,74.0,0.99451,11.8,8
11.6,0.44,0.64,15.0,0.998,10.2,6
7.0,0.6,0.12,28.0,0.9966,10.2,7
7.9,0.35,0.46,37.0,0.9973,12.8,8
9.5,0.59,0.44,68.0,0.9992,9.5,5
8.8,0.61,0.14,42.0,0.9969,9.5,5
7.6,0.645,0.03,57.0,0.9969,10.3,5
7.3,0.45,0.36,87.0,0.9978,10.5,5
7.0,0.685,0.0,22.0,0.99606,9.7,5
8.0,0.39,0.3,84.0,0.99717,9.0,5
11.0,0.3,0.58,19.0,0.998,10.5,7
9.2,0.36,0.34,12.0,0.99667,10.5,6
7.3,0.59,0.26,121.0,0.9981,9.4,5
8.2,0.43,0.29,45.0,0.99603,10.3,5
9.3,0.655,0.26,35.0,0.99738,9.6,5
6.0,0.5,0.0,26.0,0.99448,9.5,5
7.2,0.635,0.07,86.0,0.99748,9.7,5
7.2,0.415,0.36,45.0,0.9972,9.2,5
7.5,0.4,0.18,58.0,0.9965,9.4,5
7.2,0.52,0.07,20.0,0.9973,9.6,6
10.4,0.43,0.5,19.0,0.996,11.4,6
7.0,0.69,0.07,21.0,0.99572,11.3,6
7.5,0.52,0.11,39.0,0.9968,9.6,5
12.8,0.615,0.66,42.0,1.0022,10.0,7
9.1,0.5,0.3,17.0,0.99774,10.5,6
10.2,0.29,0.49,13.0,0.9976,10.5,7
10.4,0.44,0.42,48.0,0.99832,9.9,3
9.6,0.68,0.24,28.0,0.9988,10.2,5
9.0,0.47,0.31,125.0,0.9984,9.4,5
7.7,0.23,0.37,60.0,0.9971,12.1,6
9.1,0.68,0.11,44.0,0.99888,9.5,6
8.8,0.61,0.19,69.0,0.99787,10.0,6
5.2,0.34,0.0,63.0,0.9916,14.0,6
7.0,0.36,0.21,69.0,0.99556,10.1,6
7.3,0.44,0.2,64.0,0.9935,11.7,6
7.8,0.82,0.29,64.0,0.99642,9.4,5
7.5,0.77,0.2,92.0,0.99892,9.2,5
11.7,0.28,0.47,32.0,0.99686,10.6,7
15.6,0.685,0.76,43.0,1.0032,11.2,7
7.4,0.62,0.05,42.0,0.9961,11.5,6
9.8,0.66,0.39,59.0,0.9989,11.5,7
6.8,0.6,0.18,86.0,0.9968,9.3,6
7.2,0.41,0.3,72.0,0.997,9.4,5
8.6,0.685,0.1,12.0,0.99745,9.55,6
7.6,0.46,0.11,49.0,0.9968,10.0,5
11.4,0.6,0.49,41.0,0.9994,10.5,6
8.5,0.37,0.32,51.0,0.99456,11.8,6
7.5,0.38,0.57,12.0,0.99605,11.4,6
8.4,0.665,0.61,95.0,0.997,9.1,5
8.5,0.34,0.44,12.0,0.99605,10.7,5
8.2,0.2,0.43,51.0,0.99672,10.4,6
11.0,0.26,0.68,25.0,0.997,11.8,5
8.7,0.69,0.31,81.0,1.0002,11.6,6
9.4,0.34,0.37,13.0,0.998,9.2,5
6.5,0.58,0.0,13.0,0.99557,11.5,4
12.5,0.46,0.63,15.0,0.9988,10.2,5
11.6,0.475,0.4,28.0,0.99704,10.0333333333333,6
12.3,0.5,0.49,14.0,1.0002,9.6,5
7.8,0.545,0.12,35.0,0.996,11.6,6
7.3,0.39,0.31,46.0,0.9962,9.4,6
8.3,0.6,0.25,38.0,0.99616,9.8,5
6.2,0.45,0.2,15.0,0.9958,9.2,5
7.8,0.39,0.42,21.0,0.99526,11.6,6
11.5,0.54,0.71,15.0,0.9984,11.8,7
8.2,0.28,0.4,10.0,0.99356,12.8,7
12.5,0.28,0.54,29.0,0.9997,9.8,7
8.3,0.65,0.1,40.0,0.99803,9.5,5
6.4,0.39,0.33,53.0,0.99294,12.2,6
10.4,0.52,0.45,13.0,0.99774,11.4,6
7.4,0.36,0.29,72.0,0.99645,11.0,5
7.7,0.28,0.3,34.0,0.9952,11.3,7
7.6,0.735,0.02,14.0,0.99538,11.7,7
7.1,0.65,0.18,40.0,0.997,9.1,5
6.8,0.5,0.11,49.0,0.99545,9.5,5
7.6,0.52,0.12,53.0,0.9971,9.1,5
7.2,0.56,0.26,100.0,0.99586,9.9,5
6.6,0.735,0.02,124.0,0.9994,9.9,5
12.3,0.5,0.49,14.0,1.0002,9.6,5
5.6,0.605,0.05,25.0,0.99258,12.9,5
9.7,0.42,0.46,16.0,0.99649,12.3,6
11.6,0.47,0.44,51.0,0.99836,9.9,4
10.4,0.41,0.55,54.0,0.9996,9.9,6
7.4,0.39,0.48,67.0,0.9972,9.2,5
7.7,0.26,0.3,38.0,0.9949,10.8,6
8.1,0.87,0.0,31.0,0.99656,9.8,5
7.2,0.53,0.14,29.0,0.99323,12.1,6
9.2,0.53,0.24,139.0,0.99788,9.5,5
7.1,0.6,0.0,34.0,0.9972,9.9,6
9.5,0.46,0.49,17.0,0.9988,11.0,6
9.0,0.66,0.17,13.0,0.9976,10.4,5
9.5,0.78,0.22,32.0,0.9988,10.6,6
7.8,0.43,0.32,58.0,0.9974,10.3,5
6.9,0.57,0.0,41.0,0.99518,10.8,5
7.3,0.67,0.02,92.0,0.99566,11.1,6
7.9,0.72,0.01,32.0,0.99668,9.6,5
7.1,0.59,0.01,85.0,0.99746,9.8,5
8.8,0.685,0.26,23.0,0.99694,9.4,5
7.0,0.43,0.36,37.0,0.99615,9.2,6
6.7,0.54,0.13,36.0,0.9973,9.8,5
7.1,0.46,0.14,37.0,0.99624,10.7,5
8.3,0.65,0.1,40.0,0.99803,9.5,5
7.7,0.58,0.01,18.0,0.99568,10.5,7
8.4,0.39,0.1,25.0,0.99581,9.7,6
8.2,0.39,0.38,29.0,0.9962,9.8,5
8.5,0.37,0.2,58.0,0.998,9.6,6
8.3,0.43,0.3,34.0,0.99788,10.5,5
10.7,0.43,0.39,32.0,0.9986,9.6,5
11.1,0.44,0.42,19.0,0.99758,10.4,6
8.7,0.78,0.51,66.0,0.99623,9.2,5
8.6,0.315,0.4,6.0,0.99512,11.9,6
11.1,0.35,0.48,21.0,0.9986,10.5,5
7.3,0.66,0.0,23.0,0.9983,9.9,6
7.8,0.53,0.04,31.0,0.9964,10.0,6
7.9,0.5,0.33,143.0,0.9968,9.5,5
8.1,0.78,0.1,13.0,0.99855,9.5,5
7.9,0.43,0.21,37.0,0.9966,9.5,5
7.5,0.58,0.03,46.0,0.99592,9.2,5
10.8,0.5,0.46,27.0,1.0001,9.5,5
11.5,0.3,0.6,27.0,0.9981,10.1,6
9.5,0.57,0.27,144.0,0.99782,9.4,5
7.4,0.785,0.19,98.0,0.99713,9.56666666666667,6
8.0,0.42,0.17,18.0,0.9972,9.2,6
10.7,0.35,0.53,16.0,0.9972,11.0,8
5.2,0.645,0.0,28.0,0.99444,12.5,6
7.3,0.365,0.49,106.0,0.9966,11.0,5
6.8,0.59,0.06,18.0,0.9962,10.8,7
7.5,0.58,0.2,44.0,0.99494,9.3,5
7.7,0.64,0.21,133.0,0.9956,9.9,5
7.5,0.705,0.24,63.0,0.9964,9.5,5
8.6,0.49,0.28,136.0,0.9972,9.9,6
8.2,0.24,0.34,22.0,0.9974,10.9,6
5.0,0.38,0.01,60.0,0.99084,14.0,6
12.4,0.35,0.49,69.0,0.9994,10.4,6
8.3,0.33,0.42,20.0,0.99426,12.7,7
6.8,0.47,0.08,38.0,0.99553,9.6,6
7.3,0.69,0.32,104.0,0.99632,9.5,5
6.6,0.44,0.15,53.0,0.9957,9.3,5
8.6,0.645,0.25,28.0,0.99815,10.0,6
8.9,0.75,0.14,30.0,0.99824,10.5,5
10.3,0.5,0.42,51.0,0.9982,11.5,6
6.7,0.28,0.28,100.0,0.99064,11.7,7
6.6,0.855,0.02,23.0,0.99627,11.0,6
10.7,0.4,0.37,29.0,0.99674,11.2,6
7.8,0.87,0.26,67.0,0.99668,9.2,5
6.7,0.42,0.27,148.0,0.9948,11.3,6
7.2,0.34,0.21,68.0,0.99586,10.1,6
9.5,0.59,0.44,68.0,0.9992,9.5,5
9.1,0.22,0.24,28.0,0.999,10.3,6
8.7,0.46,0.31,64.0,0.99746,9.6,5
9.2,0.52,1.0,69.0,0.9996,9.4,4
9.1,0.29,0.33,27.0,0.99516,11.7,7
7.1,0.66,0.0,45.0,0.9976,9.5,5
6.0,0.51,0.0,54.0,0.995,10.7,6
6.7,0.86,0.07,57.0,0.99598,11.7,6
11.8,0.26,0.52,10.0,0.9968,10.2,7
10.6,0.83,0.37,70.0,0.9981,9.9,5
7.0,0.69,0.0,10.0,0.99636,9.7,6
7.8,0.32,0.44,17.0,0.99732,11.0,7
10.7,0.4,0.48,49.0,0.998,9.7,6
6.9,0.49,0.19,26.0,0.99547,9.8,6
9.2,0.755,0.18,103.0,0.9969,10.2,6
7.2,0.67,0.0,24.0,0.9956,11.1,6
5.3,0.47,0.11,89.0,0.99182,13.6,7
11.4,0.26,0.44,19.0,0.9986,9.3,6
9.3,0.32,0.57,65.0,0.9969,10.7,5
7.2,0.5,0.18,31.0,0.99761,9.6,6
7.5,0.27,0.34,8.0,0.9951,11.0,7
11.6,0.475,0.4,28.0,0.99704,10.0333333333333,6
10.2,0.44,0.58,24.0,0.99745,12.0,7
5.0,0.42,0.24,50.0,0.9917,14.0,8
7.1,0.59,0.0,14.0,0.99488,11.5,7
6.3,1.02,0.0,24.0,0.99437,11.2,4
8.3,0.65,0.1,40.0,0.99803,9.5,5
6.9,0.55,0.15,40.0,0.9961,10.1,5
8.0,0.59,0.16,16.0,0.9962,10.5,7
10.7,0.67,0.22,34.0,1.0004,9.9,6
7.7,0.69,0.05,27.0,0.9974,9.1,5
8.3,0.715,0.15,52.0,0.9968,9.5,5
9.9,0.35,0.55,14.0,0.9971,10.6,5
6.9,0.49,0.1,30.0,0.9959,10.2,6
8.7,0.69,0.31,81.0,1.0002,11.6,6
9.1,0.45,0.35,78.0,0.9987,9.5,5
8.3,0.26,0.42,27.0,0.9974,9.4,6
12.2,0.34,0.5,21.0,1.0,9.2,6
7.8,0.44,0.28,95.0,0.9966,9.4,5
7.0,0.56,0.17,24.0,0.99514,10.55,7
7.1,0.715,0.0,47.0,0.99632,9.4,5
6.6,0.52,0.04,15.0,0.9956,9.4,6
8.4,0.31,0.29,26.0,0.99536,12.0,6
8.2,0.38,0.32,71.0,0.99624,11.0,6
5.7,1.13,0.09,19.0,0.994,9.8,4
6.4,0.36,0.53,35.0,0.9934,12.4,6
7.1,0.46,0.2,54.0,0.9956,10.4,6
11.9,0.38,0.51,20.0,0.9996,10.4,6
11.2,0.67,0.55,13.0,1.0,9.5,6
12.6,0.39,0.49,20.0,0.9992,10.3,6
7.6,0.43,0.29,66.0,0.99718,9.5,5
7.3,0.695,0.0,13.0,0.998,9.2,5
7.2,0.65,0.02,31.0,0.9993,9.7,5
8.9,0.59,0.5,81.0,0.9964,9.5,6
7.7,0.51,0.28,54.0,0.998,9.2,5
8.2,0.35,0.33,47.0,0.99599,11.0,6
9.1,0.22,0.24,28.0,0.999,10.3,6
8.8,0.27,0.39,27.0,0.99546,11.2,6
4.6,0.52,0.15,65.0,0.9934,13.1,4
10.6,1.02,0.43,88.0,0.9984,10.1,6
6.6,0.56,0.14,29.0,0.99397,11.7,7
7.0,0.735,0.05,54.0,0.9966,9.8,5
6.8,0.775,0.0,23.0,0.9965,10.7,5
7.3,0.38,0.21,35.0,0.9961,9.5,5
7.5,0.755,0.0,12.0,0.99672,9.7,4
7.1,0.47,0.0,14.0,0.99517,10.9,4
7.7,0.835,0.0,14.0,0.9975,9.3,5
6.3,0.76,0.0,52.0,0.99379,11.5,6
7.2,0.57,0.05,36.0,0.99564,10.3,6
7.2,0.66,0.03,86.0,0.99743,9.7,5
8.2,0.34,0.37,74.0,0.99408,12.0,6
12.7,0.6,0.49,19.0,0.9994,11.4,5
8.0,0.715,0.22,81.0,0.99688,9.5,6
9.5,0.735,0.1,31.0,0.9986,10.1,6
6.8,0.56,0.22,24.0,0.99438,11.2,6
11.5,0.59,0.59,49.0,0.9988,11.0,6
7.3,0.59,0.26,104.0,0.99584,9.9,5
8.1,0.72,0.09,49.0,0.9994,11.1,6
9.8,0.88,0.25,155.0,1.001,11.2,5
8.6,0.49,0.51,62.0,0.9979,9.0,5
9.6,0.56,0.23,92.0,0.9996,10.1,5
6.8,0.36,0.32,8.0,0.9928,12.8,7
8.2,0.64,0.27,77.0,0.99747,9.1,6
7.1,0.755,0.15,84.0,0.99593,9.5,5
6.7,0.46,0.24,34.0,0.9948,10.6,6
7.5,0.38,0.57,12.0,0.99605,11.4,6
10.6,0.36,0.59,18.0,0.9986,9.4,5
10.5,0.43,0.35,70.0,0.99798,10.5,6
8.1,0.545,0.18,35.0,0.9972,9.0,6
7.8,0.6,0.26,131.0,0.99622,9.9,5
12.8,0.3,0.74,28.0,0.9994,10.8,7
10.4,0.33,0.63,22.0,0.9998,11.2,7
6.6,0.735,0.02,124.0,0.9994,9.9,5
14.0,0.41,0.63,47.0,1.0014,10.8,6
10.8,0.47,0.43,66.0,0.9982,10.8,6
7.6,0.31,0.34,35.0,0.99356,12.5,7
7.1,0.685,0.35,92.0,0.9963,9.4,5
8.8,0.47,0.49,110.0,0.9982,9.8,5
9.8,0.37,0.39,65.0,0.99729,9.8,5
15.5,0.645,0.49,23.0,1.00315,11.1,5
7.8,0.43,0.7,67.0,0.9974,9.4,5
7.7,0.43,0.25,63.0,0.99615,10.5,6
8.7,0.7,0.24,15.0,0.9991,9.0,6
7.1,0.43,0.42,128.0,0.9973,10.5,5
7.8,0.53,0.01,19.0,0.995,9.8,5
5.2,0.32,0.25,50.0,0.9957,9.2,5
7.1,0.48,0.28,16.0,0.99682,10.3,5
8.0,0.705,0.05,19.0,0.9962,10.5,6
7.4,0.52,0.13,61.0,0.99528,10.8,6
8.1,0.67,0.55,141.0,0.9968,9.4,5
9.0,0.785,0.24,21.0,0.99692,10.0,5
7.2,0.39,0.32,60.0,0.99714,9.9,5
7.8,0.48,0.68,32.0,0.99656,9.1,6
8.0,0.6,0.08,7.0,0.99286,13.0,5
10.6,0.44,0.68,24.0,0.997,13.4,6
8.0,0.67,0.3,62.0,0.9958,10.2,6
8.0,0.48,0.34,25.0,0.9936,12.4,6
7.2,0.66,0.03,86.0,0.99743,9.7,5
10.8,0.89,0.3,60.0,0.99786,10.2,5
7.7,0.915,0.12,23.0,0.9964,10.2,7
13.0,0.32,0.65,47.0,0.9996,10.6,5
7.8,0.645,0.0,18.0,0.9986,9.6,6
7.0,0.655,0.16,25.0,0.99606,9.7,5
6.2,0.63,0.31,64.0,0.9969,9.3,5
6.7,0.41,0.43,54.0,0.99572,10.6,6
9.2,0.67,0.1,48.0,0.99888,9.5,6
12.1,0.4,0.52,54.0,1.0,10.2,5
8.6,0.37,0.65,8.0,0.99817,11.0,5
8.1,1.33,0.0,12.0,0.9964,10.9,5
6.3,0.39,0.16,23.0,0.9955,9.3,5
10.3,0.59,0.42,73.0,0.999,9.5,6
7.0,0.59,0.0,8.0,0.996,10.3,5
7.2,0.835,0.0,11.0,0.99608,10.0,5
8.1,0.53,0.22,89.0,0.99678,9.6,6
7.9,0.65,0.01,38.0,0.9963,11.7,7
12.9,0.35,0.49,35.0,1.0014,12.0,7
8.1,0.82,0.0,14.0,0.99854,9.6,5
6.9,0.74,0.03,16.0,0.99508,11.5,6
6.0,0.42,0.19,47.0,0.99522,10.0,6
6.1,0.32,0.25,58.0,0.99633,10.6,5
6.7,0.54,0.13,36.0,0.9973,9.8,5
6.8,0.41,0.31,45.0,0.99824,10.1,6
8.9,0.32,0.31,19.0,0.9957,10.4,6
8.7,0.29,0.52,37.0,0.9969,9.5,5
10.3,0.34,0.52,75.0,0.9998,9.4,5
7.4,0.53,0.26,72.0,0.9957,9.4,5
8.0,0.58,0.16,7.0,0.99454,11.2,6
9.9,0.4,0.53,19.0,0.9986,11.7,7
11.5,0.41,0.52,55.0,1.0001,11.0,5
7.7,0.27,0.68,10.0,0.9972,9.9,7
10.4,0.61,0.49,16.0,0.9994,8.4,3
6.8,0.48,0.08,64.0,0.99529,9.6,5
7.7,0.965,0.1,22.0,0.9963,9.5,5
9.0,0.54,0.49,110.0,0.9982,9.2,5
10.1,0.65,0.37,65.0,1.0026,10.4,6
7.5,0.61,0.26,88.0,0.99612,9.8,5
13.2,0.38,0.55,16.0,1.0006,9.4,5
6.2,0.56,0.09,32.0,0.99402,11.3,5
12.9,0.5,0.55,24.0,1.00012,10.9,6
7.5,0.685,0.07,9.0,0.99632,10.9,4
7.2,0.645,0.0,39.0,0.99675,9.2,6
7.3,0.91,0.1,56.0,0.99672,9.2,5
13.3,0.43,0.58,40.0,1.0004,9.0,5
10.2,0.24,0.49,28.0,0.9978,10.4,5
7.2,0.52,0.07,20.0,0.9973,9.6,6
11.6,0.53,0.66,14.0,0.9978,11.5,7
7.4,0.49,0.19,37.0,0.9966,10.5,5
8.7,0.675,0.1,11.0,0.99745,9.55,5
7.2,0.36,0.46,44.0,0.99534,11.0,7
6.9,0.52,0.25,37.0,0.99685,11.0,5
7.0,0.65,0.02,25.0,0.9972,9.5,6
8.2,0.5,0.35,127.0,0.9976,9.4,5
8.9,0.31,0.57,85.0,0.9971,9.7,5
6.8,0.59,0.1,53.0,0.9958,9.7,5
6.8,0.66,0.07,61.0,0.99572,9.3,5
7.6,0.36,0.31,65.0,0.99716,9.5,6
11.6,0.41,0.54,41.0,0.99735,9.9,7
7.2,0.62,0.01,46.0,0.99332,11.8,6
7.1,0.6,0.0,34.0,0.9972,9.9,6
8.3,0.53,0.0,14.0,0.99593,10.0,6
6.4,0.885,0.0,12.0,0.99551,10.8,5
6.1,0.6,0.08,45.0,0.99336,11.0,5
10.4,0.44,0.73,76.0,0.999,12.0,7
7.1,0.16,0.44,31.0,0.99328,12.4,6
6.9,0.63,0.33,115.0,0.99787,9.5,5
7.3,0.67,0.02,92.0,0.99566,11.0666666666667,6
6.4,0.67,0.08,48.0,0.9949,11.4,6
10.8,0.26,0.45,49.0,0.9972,9.6,5
8.0,0.38,0.06,49.0,0.99625,9.9,6
8.0,0.58,0.28,114.0,0.9973,9.4,6
6.5,0.63,0.33,28.0,0.99531,10.1,6
8.6,0.33,0.4,68.0,0.99782,9.4,5
6.9,0.44,0.0,38.0,0.99438,11.4,6
7.8,0.57,0.31,120.0,0.99625,9.3,5
8.2,0.31,0.4,10.0,0.99536,11.2,7
6.9,0.36,0.25,16.0,0.9964,10.1,6
6.5,0.53,0.06,44.0,0.99489,10.3,6
9.1,0.29,0.33,27.0,0.99516,11.7,7
9.4,0.33,0.59,30.0,0.9976,12.0,6
7.6,0.54,0.02,31.0,0.99589,10.4,6
10.0,0.56,0.24,58.0,0.9991,10.1,6
7.4,0.6,0.26,91.0,0.99616,9.8,6
7.1,0.27,0.6,25.0,0.99814,10.6,6
6.6,0.815,0.02,34.0,0.9955,12.3,7
9.1,0.775,0.22,48.0,0.9976,9.6,5
6.7,0.32,0.44,34.0,0.99484,11.6,7
6.3,0.6,0.1,26.0,0.99306,12.1,5
8.5,0.44,0.5,38.0,0.99634,9.4,5
10.6,0.28,0.39,23.0,1.0026,9.2,5
8.3,0.78,0.1,87.0,0.9983,10.0,5
7.8,0.58,0.13,36.0,0.9944,11.2,6
9.1,0.25,0.34,67.0,0.99769,10.2,7
8.0,0.18,0.37,109.0,0.99007,12.7,6
6.7,1.04,0.08,32.0,0.99648,11.0,4
7.7,0.61,0.18,20.0,0.9963,10.2,6
6.3,0.68,0.01,54.0,0.99586,11.3,6
11.5,0.31,0.51,28.0,0.9982,9.8,6
10.4,0.26,0.48,10.0,0.99724,10.9,6
7.5,0.51,0.02,31.0,0.99538,10.5,6
11.3,0.34,0.45,15.0,0.9988,9.2,6
7.9,0.24,0.4,25.0,0.9967,8.7,6
7.0,0.43,0.02,28.0,0.99492,10.6,6
6.8,0.62,0.08,38.0,0.99651,9.5,6
8.2,0.28,0.6,22.0,0.99828,10.6,5
7.1,0.68,0.07,51.0,0.99685,9.5,5
10.9,0.32,0.52,44.0,0.99734,11.5,6
6.6,0.39,0.49,149.0,0.9922,11.5,6
9.8,0.98,0.32,152.0,0.998,9.4,5
10.2,0.44,0.42,20.0,0.99566,11.1,7
11.3,0.37,0.5,47.0,0.99734,10.5,5
11.5,0.315,0.54,15.0,0.9987,9.2,6
7.6,0.41,0.14,43.0,0.9964,10.5,6
6.1,0.34,0.25,28.0,0.99464,10.1,5
9.1,0.5,0.3,17.0,0.99774,10.5,6
7.6,0.55,0.21,28.0,0.9964,9.7,5
11.1,0.45,0.73,22.0,0.9986,11.2,6
7.9,0.545,0.06,61.0,0.9965,10.7,6
8.5,0.34,0.4,9.0,0.99738,11.6,7
7.5,0.77,0.2,92.0,0.99892,9.2,5
11.1,0.31,0.49,47.0,0.9986,10.6,7
6.3,0.98,0.01,33.0,0.99488,11.2,6
9.0,0.4,0.43,46.0,0.9943,12.2,6
8.8,0.7,0.0,19.0,0.99701,10.0,6
10.4,0.34,0.58,16.0,0.997,11.3,6
9.3,0.37,0.44,42.0,0.99526,10.8,7
8.4,0.635,0.36,55.0,0.99745,10.4,4
7.1,0.75,0.01,18.0,0.99242,12.8,6
11.6,0.58,0.66,47.0,1.0008,9.0,3
7.0,0.975,0.04,67.0,0.99565,9.4,4
7.4,0.635,0.1,33.0,0.99736,10.8,7
13.7,0.415,0.68,43.0,1.0014,10.0,6
8.9,0.12,0.45,21.0,0.99552,11.9,7
8.8,0.24,0.35,27.0,0.99394,11.3,7
8.3,0.54,0.24,112.0,0.9976,9.4,5
8.9,0.12,0.45,21.0,0.99552,11.9,7
8.5,0.47,0.27,38.0,0.99518,11.1,6
6.4,0.79,0.04,17.0,0.99588,10.4,6
5.4,0.74,0.09,26.0,0.99402,11.6,6
10.1,0.38,0.5,13.0,0.99643,11.6,7
7.9,0.34,0.42,19.0,0.99546,11.4,6
8.4,0.745,0.11,63.0,0.9965,9.6,5
7.0,0.4,0.32,29.0,0.99416,11.3,7
8.2,0.59,0.0,58.0,1.0002,9.3,6
7.1,0.59,0.02,94.0,0.99744,9.7,6
6.9,0.765,0.18,48.0,0.99612,10.3,6
8.6,0.55,0.09,17.0,0.99735,10.0,5
8.8,0.24,0.54,57.0,0.9983,9.2,5
8.0,0.3,0.63,29.0,0.99588,10.8,6
9.0,0.45,0.49,75.0,0.9987,9.7,5
7.5,0.63,0.27,91.0,0.99616,9.8,6
7.2,0.61,0.08,108.0,0.99641,9.4,5
11.6,0.32,0.55,67.0,1.0002,10.8,7
8.6,0.47,0.3,135.0,0.9976,9.4,5
6.8,0.36,0.32,8.0,0.9928,12.8,7
10.0,0.59,0.31,62.0,0.9994,10.2,6
7.6,0.43,0.4,11.0,0.99538,12.2,6
8.3,0.31,0.39,43.0,0.99444,12.5,7
8.9,0.12,0.45,21.0,0.99552,11.9,7
8.9,0.635,0.37,62.0,0.9971,9.3,5
9.7,0.32,0.54,83.0,0.9984,9.6,5
10.4,0.33,0.63,22.0,0.9998,11.2,7
8.4,0.37,0.53,26.0,0.9979,9.1,6
9.5,0.39,0.41,39.0,0.99859,10.9,7
7.4,0.55,0.19,34.0,0.99655,10.5,5
7.5,0.38,0.48,84.0,0.9972,9.6,4
8.2,1.33,0.0,12.0,0.9964,10.9,5
8.1,0.575,0.22,65.0,0.9967,9.2,5
11.6,0.41,0.54,41.0,0.99735,9.9,7
7.7,0.665,0.0,19.0,0.9974,9.3,5
7.2,0.62,0.06,85.0,0.99746,9.5,5
7.3,0.67,0.26,51.0,0.9969,9.4,5
6.9,0.5,0.04,49.0,0.9958,9.5,5
9.9,0.54,0.45,40.0,0.9991,9.4,5
7.4,0.55,0.22,72.0,0.9959,9.2,5
7.2,0.36,0.46,44.0,0.99534,11.0,7
8.6,0.47,0.27,28.0,0.99516,11.2,5
7.2,0.37,0.32,28.0,0.9947,11.3,7
6.8,0.59,0.1,53.0,0.9958,9.7,5
10.1,0.31,0.44,46.0,0.9988,9.7,6
11.1,0.42,0.47,34.0,0.99736,12.1,7
12.7,0.6,0.49,19.0,0.9994,11.4,5
7.8,0.54,0.26,48.0,0.9981,9.2,6
7.6,0.51,0.15,73.0,0.9955,10.2,6
8.1,0.66,0.22,23.0,0.9968,10.3,5
7.6,0.4,0.29,66.0,0.9971,9.5,6
8.2,0.32,0.42,9.0,0.99506,12.3,6
5.9,0.46,0.0,44.0,0.99385,11.2,5
10.0,0.32,0.59,15.0,0.9994,9.6,5
6.6,0.84,0.03,48.0,0.9952,12.3,7
7.9,0.37,0.23,49.0,0.9963,9.3,5
7.5,1.115,0.1,12.0,0.9958,11.2,4
10.9,0.53,0.49,17.0,1.0002,11.7,6
10.0,0.43,0.33,89.0,0.9984,10.0,5
9.0,0.36,0.52,10.0,0.99568,11.3,6
6.7,0.46,0.24,34.0,0.9948,10.6,6
9.9,0.32,0.56,8.0,0.99534,11.4,6
7.4,0.25,0.29,49.0,0.99666,10.9,7
11.5,0.35,0.49,37.0,1.0003,11.0,6
9.9,0.35,0.38,47.0,0.99676,10.6,7
5.9,0.645,0.12,44.0,0.99547,10.2,5
11.9,0.57,0.5,32.0,1.0006,10.7,6
8.0,0.42,0.17,18.0,0.9972,9.2,6
10.4,0.64,0.24,53.0,0.9998,9.9,5
9.6,0.77,0.12,74.0,0.99865,10.4,6
8.4,0.56,0.04,22.0,0.9976,9.6,5
7.3,0.73,0.24,102.0,0.9967,9.3,5
8.3,0.705,0.12,28.0,0.9994,10.0,5
6.1,0.32,0.25,58.0,0.99633,10.6,5
7.0,0.42,0.19,36.0,0.99476,10.9,5
9.6,0.33,0.52,25.0,0.99509,12.4,7
6.4,0.56,0.15,65.0,0.99294,10.5,6
7.8,0.56,0.19,47.0,0.9964,9.5,5
9.5,0.885,0.27,145.0,0.9978,9.4,5
10.0,0.46,0.44,8.0,0.99674,12.2,6
13.0,0.47,0.49,47.0,1.0021,12.7,6
10.5,0.24,0.47,24.0,0.9978,11.0,7
6.4,0.37,0.25,49.0,0.9974,9.8,6
8.8,0.64,0.17,130.0,0.99818,9.6,5
7.3,0.43,0.24,67.0,0.99648,11.1,6
12.4,0.42,0.49,43.0,0.9978,9.5,5
9.9,0.63,0.24,33.0,0.9974,9.4,5
6.3,0.51,0.13,40.0,0.99574,11.0,6
7.1,0.34,0.28,68.0,0.99694,9.4,5
7.9,0.33,0.23,45.0,0.99625,9.3,5
9.9,0.49,0.58,43.0,1.0004,9.0,5
7.7,0.705,0.1,26.0,0.9976,9.7,5
7.7,0.54,0.26,147.0,0.99636,9.7,5
10.1,0.27,0.54,26.0,0.99531,12.5,6
4.7,0.6,0.17,106.0,0.9932,12.9,6
5.3,0.57,0.01,27.0,0.9934,12.5,7
7.0,0.6,0.3,110.0,0.99914,10.2,5
7.6,0.665,0.1,55.0,0.99655,9.3,5
7.0,0.69,0.07,21.0,0.99572,11.3,6
9.4,0.5,0.34,14.0,0.9987,10.7,6
7.5,0.6,0.03,99.0,0.995,10.1,5
5.6,0.5,0.09,99.0,0.9937,13.0,5
7.4,0.68,0.16,39.0,0.9977,9.9,6
7.1,0.52,0.03,92.0,0.99745,9.8,5
7.7,0.775,0.42,86.0,0.9959,9.5,5
6.1,0.32,0.25,32.0,0.99464,10.1,5
7.5,0.49,0.2,14.0,0.9968,10.5,6
10.4,0.26,0.48,10.0,0.99724,10.9,6
6.6,0.5,0.01,26.0,0.9952,9.8,6
7.4,0.61,0.01,38.0,0.99748,9.8,5
9.3,0.655,0.26,35.0,0.99738,9.6,5
7.6,0.685,0.23,84.0,0.9964,9.3,5
9.9,0.53,0.57,52.0,0.9971,11.6,7
9.3,0.36,0.39,55.0,0.99652,10.9,6
7.4,0.29,0.38,30.0,0.9968,9.5,6
6.4,0.38,0.14,25.0,0.99514,11.1,6
9.7,0.55,0.17,53.0,1.0004,9.4,5
11.8,0.33,0.49,80.0,1.0002,10.7,7
7.4,0.55,0.19,34.0,0.99655,10.5,5
8.7,0.69,0.0,33.0,0.9992,9.4,5
8.8,0.6,0.29,15.0,0.9988,9.1,5
7.4,0.635,0.1,33.0,0.99736,10.8,7
6.4,0.57,0.02,11.0,0.997,9.5,5
6.9,0.765,0.02,63.0,0.9975,9.9,5
6.9,0.685,0.0,37.0,0.9966,10.6,6
8.2,0.44,0.24,28.0,0.99613,10.2,6
8.1,0.66,0.7,129.0,0.9972,9.0,5
6.1,0.4,0.16,25.0,0.9955,10.1,7
10.9,0.39,0.47,14.0,0.9982,9.8,6
7.0,0.6,0.3,110.0,0.99914,10.2,5
7.8,0.815,0.01,90.0,0.99621,10.8,5
7.7,0.67,0.23,96.0,0.9962,9.5,5
7.7,0.715,0.01,43.0,0.99371,11.8,6
9.4,0.41,0.48,20.0,0.9973,12.2,7
9.1,0.3,0.34,25.0,0.99516,11.7,7
10.2,0.33,0.46,9.0,0.99628,10.4,6
11.8,0.38,0.55,19.0,0.9986,10.8,6
10.8,0.4,0.41,17.0,0.9984,9.3,6
8.8,0.31,0.4,16.0,0.99614,11.8,7
8.7,0.625,0.16,49.0,0.9962,11.0,5
6.2,0.44,0.39,14.0,0.99555,11.0,6
7.9,0.52,0.26,140.0,0.9964,9.5,5
7.6,0.41,0.49,43.0,0.998,9.1,5
8.9,0.62,0.18,145.0,0.9986,9.2,5
6.5,0.39,0.23,91.0,0.9952,12.1,6
7.6,0.68,0.02,20.0,0.9965,9.2,4
8.4,0.715,0.2,38.0,0.99735,9.4,5
7.0,0.685,0.0,63.0,0.9979,9.9,5
8.3,0.66,0.15,42.0,0.9972,9.6,6
7.7,0.69,0.22,94.0,0.9961,9.5,5
7.3,0.51,0.18,28.0,0.99768,9.5,6
9.4,0.4,0.47,20.0,0.99772,10.5,5
9.5,0.56,0.33,67.0,0.9972,11.8,7
7.6,0.95,0.03,20.0,0.9959,9.6,5
7.8,0.53,0.33,144.0,0.99655,9.5,5
7.8,0.64,0.1,11.0,0.9984,10.1,7
6.8,0.65,0.02,15.0,0.99498,10.4,6
8.2,1.0,0.09,37.0,0.99685,9.0,6
8.5,0.4,0.4,10.0,0.99566,12.0,4
7.0,0.62,0.18,50.0,0.9951,9.3,5
9.9,0.57,0.25,89.0,0.9963,10.1,5
5.9,0.395,0.13,28.0,0.99362,12.4,6
10.2,0.54,0.37,95.0,1.00369,9.0,6
9.0,0.43,0.34,86.0,0.9987,9.5,6
6.2,0.6,0.08,44.0,0.9949,10.5,5
7.4,0.7,0.0,34.0,0.9978,9.4,5
8.4,0.29,0.4,20.0,0.99603,10.5,5
9.8,0.5,0.49,20.0,0.999,10.7,6
6.8,0.63,0.07,44.0,0.9953,10.4,6
10.7,0.43,0.39,32.0,0.9986,9.6,5
6.6,0.5,0.04,14.0,0.9955,9.4,6
11.5,0.18,0.51,23.0,0.9996,10.1,6
7.9,0.57,0.31,79.0,0.99677,9.5,6
7.0,0.62,0.1,63.0,0.996,9.2,5
8.2,0.33,0.32,12.0,0.99473,12.8,7
6.0,0.5,0.0,26.0,0.99448,9.5,5
8.8,0.55,0.04,56.0,0.9962,10.9,6
6.8,0.56,0.22,24.0,0.99438,11.2,6
8.8,0.61,0.19,69.0,0.99787,10.0,6
8.8,0.61,0.14,42.0,0.9969,9.5,5
7.7,0.39,0.12,27.0,0.99596,9.4,5
8.5,0.655,0.49,151.0,1.001,9.3,5
7.2,0.41,0.3,72.0,0.997,9.4,5
8.3,0.845,0.01,14.0,0.9967,11.0,4
7.2,0.37,0.32,28.0,0.9947,11.3,7
12.5,0.38,0.6,72.0,0.9996,10.5,5
7.8,0.52,0.25,38.0,0.9984,9.0,6
7.4,0.5,0.47,73.0,0.997,9.1,5
9.1,0.765,0.04,14.0,0.998,9.7,4
10.6,1.025,0.43,84.0,0.9985,10.1,5
7.9,0.765,0.0,22.0,0.99619,10.9,6
8.1,0.38,0.28,30.0,0.9968,9.7,7
6.7,0.64,0.23,119.0,0.99538,10.9,5
8.8,0.33,0.41,13.0,0.99658,12.1,7
8.2,0.4,0.44,43.0,0.9975,10.5,6
6.0,0.54,0.06,89.0,0.99236,10.55,6
7.4,0.53,0.12,12.0,0.99702,9.2,5
10.0,0.59,0.31,62.0,0.9994,10.2,6
9.4,0.27,0.53,18.0,0.9962,12.0,7
6.7,0.76,0.02,12.0,0.996,9.95,3
8.3,1.02,0.02,11.0,0.99892,11.0,3
10.9,0.53,0.49,17.0,1.0002,11.7,6
6.6,0.895,0.04,13.0,0.99582,10.8,6
6.2,0.46,0.29,98.0,0.99578,9.8,5
6.7,0.48,0.02,111.0,0.99524,9.7,5
7.2,0.48,0.07,18.0,0.99684,11.2,7
8.8,0.4,0.4,52.0,0.998,9.2,5
5.8,1.01,0.66,88.0,0.99357,11.5,6
11.2,0.66,0.24,53.0,0.9993,11.0,6
5.6,0.31,0.78,92.0,0.99677,10.5,6
7.1,0.43,0.42,128.0,0.9973,10.5,5
11.9,0.38,0.49,42.0,1.0004,10.3,5
8.3,0.26,0.42,27.0,0.9974,9.4,6
12.4,0.49,0.58,99.0,1.0008,11.5,6
7.4,0.35,0.33,26.0,0.9947,11.9,6
10.5,0.51,0.64,15.0,0.9973,11.8,7
10.6,0.34,0.49,78.0,0.9992,10.0,6
7.6,0.3,0.42,24.0,0.9963,11.9,6
8.2,0.23,0.42,17.0,0.99376,12.3,6
9.5,0.37,0.52,26.0,0.998,9.5,5
7.4,0.74,0.07,48.0,0.99502,10.0,5
5.9,0.55,0.1,51.0,0.99512,11.2,6
6.5,0.885,0.0,12.0,0.99551,10.8,5
9.8,0.25,0.49,33.0,0.9982,10.0,6
8.1,0.825,0.24,13.0,0.9972,10.7,6
7.4,0.41,0.24,47.0,0.9956,10.4,5
6.2,0.57,0.1,11.0,0.99448,10.8,6
7.6,0.51,0.24,38.0,0.998,9.6,6
6.5,0.4,0.1,47.0,0.99554,9.4,6
6.8,0.91,0.06,11.0,0.99592,10.9,4
9.6,0.88,0.28,147.0,0.9979,9.4,5
9.3,0.41,0.39,31.0,0.9984,10.2,5
6.5,0.9,0.0,17.0,0.99467,10.9,6
6.4,0.64,0.21,31.0,0.99689,9.8,5
8.6,0.52,0.38,18.0,0.99666,9.4,5
7.2,0.63,0.0,38.0,0.99675,9.0,6
12.0,0.28,0.49,21.0,0.9976,9.9,7
7.8,0.735,0.08,41.0,0.9974,9.8,6
7.3,0.48,0.32,54.0,0.99728,10.0,7
7.4,0.965,0.0,32.0,0.99756,10.2,5
7.0,0.62,0.08,24.0,0.9978,9.0,5
9.4,0.685,0.26,143.0,0.9978,9.4,5
6.0,0.5,0.0,26.0,0.99448,9.5,5
9.7,0.66,0.34,88.0,0.99796,10.1,5
7.7,0.6,0.06,41.0,0.99697,10.1,6
7.8,0.6,0.26,131.0,0.99622,9.9,5
6.8,0.64,0.0,33.0,0.99538,11.3,6
11.0,0.2,0.48,18.0,0.9979,10.5,5
6.6,0.57,0.02,16.0,0.99654,9.5,5
7.8,0.52,0.25,38.0,0.9984,9.0,6
8.6,0.635,0.68,56.0,0.99632,9.3,5
7.9,0.51,0.25,45.0,0.9974,12.1,6
9.5,0.37,0.52,51.0,0.99613,11.1,6
9.0,0.48,0.32,122.0,0.9984,9.4,5
7.5,0.31,0.41,60.0,0.99492,11.4,6
6.8,0.64,0.0,33.0,0.99538,11.3,6
8.0,0.28,0.44,68.0,0.99501,11.2,5
10.0,0.29,0.4,26.0,1.0006,9.7,5
5.0,0.74,0.0,46.0,0.99258,12.5,6
6.9,0.63,0.01,39.0,0.99522,10.8,6
10.3,0.53,0.48,25.0,0.9998,9.3,6
8.3,0.28,0.48,12.0,0.99408,12.4,7
6.4,0.57,0.12,36.0,0.99519,11.3,7
10.9,0.37,0.58,65.0,0.99935,10.1,5
9.1,0.76,0.68,64.0,0.99652,9.1,6
7.2,0.63,0.03,88.0,0.99745,9.8,6
7.1,0.35,0.29,53.0,0.9962,11.0,6
9.8,0.39,0.43,11.0,0.99478,11.4,5
11.4,0.46,0.5,17.0,1.0006,10.2,5
11.9,0.39,0.69,35.0,0.9994,10.8,6
7.3,0.98,0.05,49.0,0.99705,9.7,3
7.0,0.43,0.3,39.0,0.99346,11.9,6
7.7,0.715,0.01,43.0,0.99371,11.8,6
7.4,0.36,0.3,24.0,0.99419,11.4,8
6.1,0.56,0.0,9.0,0.9948,11.5,6
10.6,0.31,0.49,21.0,0.9987,10.7,6
8.6,0.63,0.17,119.0,0.998,9.3,5
7.8,0.57,0.09,45.0,0.99417,12.7,8
7.9,0.66,0.0,13.0,0.99569,9.5,5
8.9,0.61,0.49,110.0,0.9972,9.3,5
8.9,0.43,0.45,16.0,0.9948,12.5,6
5.6,0.85,0.05,88.0,0.9924,12.9,8
10.0,0.56,0.24,58.0,0.9991,10.1,6
5.2,0.48,0.04,106.0,0.9927,12.2,7
7.0,0.54,0.0,55.0,0.9956,11.4,6
7.9,0.54,0.34,17.0,0.99235,13.1,8
8.9,0.48,0.53,10.0,0.99586,12.1,7
10.4,0.24,0.46,21.0,0.9976,10.8,7
7.8,0.5,0.12,21.0,0.996,9.8,6
7.0,0.5,0.14,23.0,0.99636,10.4,5
8.2,0.885,0.2,31.0,0.9946,10.0,5
8.2,0.635,0.1,60.0,0.99638,10.9,6
8.3,0.54,0.28,40.0,0.9978,10.0,6
7.1,0.6,0.01,37.0,0.99514,10.9,6
6.9,0.84,0.21,65.0,0.99842,9.25,6
7.0,0.64,0.02,23.0,0.997,9.4,6
5.1,0.42,0.0,88.0,0.99157,13.6,7
7.5,0.61,0.2,60.0,0.99494,9.3,5
7.7,0.53,0.06,39.0,0.99615,9.8,6
11.7,0.45,0.63,23.0,0.99974,10.9,6
5.9,0.61,0.08,24.0,0.99376,11.1,6
7.9,0.34,0.36,10.0,0.99419,11.2,7
9.1,0.34,0.42,18.0,0.99392,11.4,5
8.9,0.59,0.39,22.0,0.9986,10.3,5
5.9,0.29,0.25,160.0,0.99721,10.3,6
10.4,0.41,0.55,54.0,0.9996,9.9,6
7.6,0.78,0.0,45.0,0.99612,10.7,6
10.3,0.44,0.5,13.0,0.998,11.5,5
7.5,0.52,0.4,20.0,0.99474,11.8,6
9.5,0.86,0.26,28.0,0.99712,10.0,5
10.6,0.36,0.6,18.0,0.9986,9.4,5
8.5,0.47,0.27,38.0,0.99518,11.1,6
8.9,0.595,0.41,109.0,0.9998,9.3,5
9.6,0.6,0.5,71.0,0.9997,9.7,5
6.6,0.63,0.0,77.5,0.99558,9.5,5
8.8,0.41,0.64,42.0,0.9986,10.5,5
9.2,0.92,0.24,93.0,0.9998,9.8,5
7.9,0.3,0.68,278.0,0.99316,12.3,7
5.5,0.49,0.03,87.0,0.9908,14.0,8
10.3,0.32,0.45,13.0,0.9976,12.6,8
7.2,0.38,0.3,70.0,0.99685,9.5,6
12.3,0.39,0.63,18.0,1.0004,9.5,5
7.9,0.58,0.23,94.0,0.99686,9.5,6
10.0,0.35,0.47,11.0,0.99585,12.0,6
10.7,0.46,0.39,15.0,0.9981,9.5,5
8.3,0.28,0.48,12.0,0.99408,12.4,7
7.1,0.69,0.08,52.0,0.99608,10.2,6
8.0,0.745,0.56,134.0,0.9968,9.4,5
6.1,0.58,0.23,70.0,0.99352,12.5,6
7.6,0.49,0.26,88.0,0.9968,9.3,5
9.3,0.43,0.44,22.0,0.99708,9.5,5
5.0,1.02,0.04,85.0,0.9938,10.5,4
6.8,0.67,0.02,11.0,0.9962,9.5,5
6.3,0.39,0.08,20.0,0.9954,9.4,5
6.0,0.31,0.47,42.0,0.99549,11.0,6
6.9,0.54,0.04,27.0,0.9987,9.4,6
7.1,0.43,0.17,51.0,0.99634,10.4,5
7.1,0.43,0.17,51.0,0.99634,10.4,5
5.6,0.54,0.04,13.0,0.9942,11.4,5
8.2,0.64,0.27,77.0,0.99747,9.1,6
5.1,0.51,0.18,101.0,0.9924,12.9,7
5.6,0.615,0.0,59.0,0.9943,9.9,5
7.9,0.3,0.68,289.0,0.99316,12.3,7
9.0,0.46,0.23,104.0,0.9983,9.2,5
8.7,0.48,0.3,28.0,0.9964,11.2,7
7.6,0.79,0.21,68.0,0.9955,9.2,5
9.6,0.42,0.35,38.0,0.99622,11.1,6
9.0,0.4,0.41,40.0,0.99414,12.2,6
7.2,0.57,0.06,27.0,0.9972,9.6,6
8.2,0.33,0.39,48.0,0.99528,12.4,7
7.8,0.59,0.33,120.0,0.9968,9.4,5
8.0,0.38,0.44,15.0,0.9956,11.4,6
11.5,0.42,0.48,20.0,0.99852,11.0,5
10.8,0.4,0.41,17.0,0.9984,9.3,6
7.1,0.43,0.42,129.0,0.9973,10.5,5
8.4,0.34,0.42,36.0,0.99392,12.4,6
9.3,0.48,0.29,16.0,0.9968,11.2,5
7.5,0.4,0.12,53.0,0.9967,10.3,6
6.8,0.57,0.0,64.0,0.99491,11.2,6
10.5,0.59,0.49,47.0,0.9991,9.6,4
9.4,0.59,0.14,48.0,0.9981,9.7,5
9.3,0.27,0.41,16.0,0.998,9.7,5
12.7,0.59,0.45,22.0,1.0,9.3,6
6.0,0.64,0.05,17.0,0.99496,10.6,5
8.3,0.6,0.25,38.0,0.99616,9.8,5
5.3,0.47,0.11,89.0,0.99182,13.5666666666667,7
6.9,0.4,0.14,40.0,0.9968,9.7,6
6.7,0.58,0.08,65.0,0.9959,9.2,5
12.6,0.31,0.72,29.0,0.9987,9.8,8
7.2,0.695,0.13,20.0,0.99546,10.1,5
7.1,0.71,0.0,35.0,0.9972,9.4,5
9.6,0.54,0.42,52.0,0.997,11.4,6
6.2,0.56,0.09,32.0,0.99402,11.3,5
7.2,0.38,0.31,29.0,0.99472,11.3,8
7.1,0.46,0.2,54.0,0.9956,10.4,6
10.2,0.36,0.64,41.0,0.998,12.5,6
9.9,0.54,0.26,60.0,0.99709,10.2,5
8.6,0.83,0.0,43.0,0.99822,10.4,6
9.9,0.74,0.28,77.0,0.998,9.8,5
7.0,0.45,0.34,72.0,0.998,9.5,5
6.5,0.34,0.27,44.0,0.99384,12.0,6
6.9,0.58,0.2,22.0,0.99322,11.7,5
10.7,0.9,0.34,99.0,1.00289,9.3,5
6.5,0.46,0.14,37.0,0.99732,9.8,5
8.6,0.725,0.24,134.0,1.0014,9.3,5
5.7,0.6,0.0,18.0,0.99191,12.2,6
9.3,0.39,0.4,26.0,0.9984,10.2,6
7.8,0.46,0.26,53.0,0.9981,9.2,6
10.3,0.53,0.48,25.0,0.9998,9.3,6
7.2,0.45,0.15,28.0,0.99609,9.9,6
9.6,0.38,0.31,49.0,0.9982,10.0,7
6.3,0.55,0.15,35.0,0.99314,11.6,6
7.9,0.2,0.35,15.0,0.99458,11.9,7
7.5,0.52,0.16,35.0,0.9968,9.5,7
6.9,0.74,0.03,16.0,0.99508,11.5,6
10.2,0.41,0.43,37.0,0.99728,10.8,5
7.5,0.51,0.02,31.0,0.99538,10.5,6
8.8,0.59,0.18,74.0,0.99738,9.4,5
8.2,0.635,0.1,60.0,0.99638,10.9,6
6.3,0.36,0.19,39.0,0.9956,12.7,6
6.9,0.39,0.24,7.0,0.99462,11.4,4
9.1,0.6,0.0,10.0,0.9977,10.4,6
7.5,0.42,0.32,25.0,0.99628,10.4,5
10.0,0.41,0.45,14.0,0.99702,11.8,7
8.6,0.8,0.11,31.0,0.9979,9.9,5
7.2,0.695,0.13,20.0,0.99546,10.1,5
8.1,0.38,0.48,17.0,0.9976,9.4,5
6.2,0.46,0.17,11.0,0.99425,11.4,5
6.2,0.51,0.14,34.0,0.99396,11.5,6
7.1,0.39,0.12,24.0,0.99252,13.3,6
6.6,0.695,0.0,56.0,0.9968,9.2,5
10.0,0.35,0.45,88.0,0.99918,9.4,5
7.0,0.54,0.09,16.0,0.99479,11.5,6
9.1,0.795,0.0,26.0,0.9994,9.4,6
6.3,0.57,0.28,49.0,0.99374,12.8,5
7.7,0.57,0.21,9.0,0.99458,9.8,6
6.0,0.58,0.2,50.0,0.99467,12.5,6
6.0,0.33,0.32,113.0,0.99572,11.5,4
8.0,0.25,0.43,50.0,0.9946,11.9,6
8.3,0.625,0.2,119.0,0.9972,9.1,4
7.5,0.64,0.0,29.0,0.9965,10.0,6
7.2,0.655,0.03,12.0,0.99587,9.5,5
13.5,0.53,0.79,77.0,1.0018,13.0,5
10.0,0.69,0.11,24.0,0.99578,9.7,5
8.5,0.585,0.18,30.0,0.9967,9.8,6
6.6,0.52,0.08,26.0,0.99358,12.5,7
6.6,0.44,0.09,18.0,0.99444,11.3,6
8.9,0.28,0.45,12.0,0.99354,12.3,7
7.0,0.65,0.02,25.0,0.9972,9.5,6
7.5,0.57,0.02,35.0,0.99557,10.8,6
6.2,0.36,0.24,42.0,0.9946,11.7,6
5.6,0.66,0.0,15.0,0.99256,12.9,5
5.9,0.61,0.08,24.0,0.99376,11.1,6
9.0,0.8,0.12,28.0,0.99836,10.4,6
9.1,0.36,0.39,55.0,0.99495,11.0,7
7.4,0.7,0.0,34.0,0.9978,9.4,5
10.1,0.31,0.35,28.0,0.99672,11.2,7
7.5,0.58,0.14,60.0,0.9963,9.8,5
8.3,0.85,0.14,54.0,0.99724,10.1,5
12.8,0.84,0.63,35.0,0.9997,10.4,6
9.8,0.45,0.38,66.0,0.99726,9.8,5
6.2,0.785,0.0,13.0,0.99664,10.0,4
8.2,1.0,0.09,37.0,0.99685,9.0,6
6.8,0.915,0.29,39.0,0.99577,11.1,5
12.5,0.6,0.49,14.0,1.001,11.9,6
8.0,0.62,0.35,52.0,0.997,10.8,5
6.2,0.65,0.06,18.0,0.99348,11.95,5
10.8,0.45,0.33,38.0,0.99818,10.8,5
8.6,0.38,0.36,119.0,0.997,9.4,5
8.4,0.67,0.19,75.0,0.99736,9.2,4
8.0,0.715,0.22,81.0,0.99688,9.5,6
12.0,0.39,0.66,30.0,0.9996,10.8,7
12.5,0.37,0.55,68.0,0.9995,10.4,6
9.6,0.77,0.12,74.0,0.99865,10.4,6
7.9,0.31,0.32,36.0,0.99364,12.6,6
7.2,0.58,0.03,28.0,0.99568,10.0,5
8.5,0.28,0.35,15.0,0.99524,11.8,7
7.2,0.54,0.27,78.0,0.9964,11.0,5
7.1,0.59,0.0,44.0,0.99522,10.8,6
7.8,0.41,0.68,69.0,0.9973,9.3,5
7.6,0.29,0.49,60.0,0.9971,10.1,6
5.4,0.835,0.08,93.0,0.9924,13.0,7
7.1,0.735,0.16,77.0,0.9966,9.3,5
10.5,0.42,0.66,29.0,0.997,11.7,7
7.0,0.65,0.02,25.0,0.9972,9.5,6
7.8,0.91,0.07,47.0,0.99525,10.7,6
10.0,0.49,0.2,50.0,1.0015,9.2,6
7.3,0.365,0.49,106.0,0.9966,11.0,5
6.6,0.63,0.0,77.5,0.99558,9.5,5
10.1,0.43,0.4,52.0,0.99834,10.0,7
8.6,0.52,0.38,18.0,0.99666,9.4,5
7.6,0.645,0.03,57.0,0.9969,10.3,5
8.4,0.59,0.29,119.0,0.99801,9.1,5
15.0,0.21,0.44,24.0,1.00005,9.2,7
6.9,0.51,0.23,22.0,0.99438,11.2,6
11.1,0.31,0.53,10.0,0.99572,10.9,7
6.8,0.49,0.22,24.0,0.99438,11.3,6
7.2,0.35,0.26,75.0,0.9968,9.5,6
11.6,0.41,0.58,101.0,1.00024,10.0,5
10.2,0.36,0.64,41.0,0.998,12.5,6
5.0,1.04,0.24,96.0,0.9934,11.5,5
7.3,0.55,0.01,15.0,0.99514,11.0,7
10.1,0.37,0.34,17.0,0.99683,10.6,7
10.3,0.43,0.44,12.0,0.9994,9.5,6
7.6,0.41,0.33,23.0,0.9957,11.2,5
8.8,0.42,0.21,88.0,0.99823,9.2,5
10.5,0.51,0.64,15.0,0.9973,11.8,7
5.6,0.62,0.03,13.0,0.99498,10.1,4
8.9,0.62,0.19,148.0,0.9986,9.2,5
5.6,0.66,0.0,11.0,0.99378,12.8,7
11.3,0.62,0.67,19.0,0.9988,13.4,8
8.0,0.81,0.25,85.0,0.99668,9.2,5
7.4,0.36,0.34,38.0,0.9933,13.6,7
8.6,0.37,0.65,8.0,0.99817,11.0,5
8.3,0.675,0.26,43.0,0.9976,9.2,4
5.2,0.34,0.0,63.0,0.9916,14.0,6
9.1,0.52,0.33,30.0,0.9978,9.3,5
8.0,0.31,0.45,16.0,0.99358,12.5,7
9.0,0.58,0.25,21.0,0.99769,9.6,5
7.6,1.58,0.0,9.0,0.99476,10.9,3
8.2,0.39,0.49,133.0,0.9979,9.8,5
7.2,1.0,0.0,16.0,0.99586,10.0,5
5.1,0.47,0.02,44.0,0.9921,12.8,6
12.7,0.6,0.65,25.0,0.9997,9.9,5
7.9,0.33,0.41,35.0,0.99396,11.0,6
6.5,0.46,0.14,37.0,0.99732,9.8,5
9.3,0.33,0.45,37.0,0.99498,11.1,7
8.7,0.54,0.26,31.0,0.9976,9.3,6
7.7,0.66,0.04,9.0,0.9962,9.4,5
12.5,0.56,0.49,27.0,0.9999,10.9,5
5.6,0.54,0.04,13.0,0.9942,11.4,5
8.3,0.31,0.39,43.0,0.99444,12.5,7
7.1,0.59,0.01,43.0,0.9955,10.7,6
9.1,0.37,0.32,15.0,0.99576,11.2,6
7.1,0.59,0.01,43.0,0.9955,10.7,6
7.9,1.04,0.05,29.0,0.9959,9.9,6
9.0,0.53,0.49,25.0,0.9975,9.4,6
7.3,0.35,0.24,48.0,0.99576,10.0,4
5.4,0.42,0.27,55.0,0.99471,12.3,7
11.9,0.58,0.58,18.0,0.998,10.0,6
6.1,0.21,0.4,165.0,0.9912,11.9,6
6.1,0.705,0.1,28.0,0.99631,10.2,5
9.0,0.38,0.41,10.0,0.99604,11.9,7
10.0,0.38,0.38,90.0,0.99914,8.5,5
11.9,0.38,0.49,42.0,1.0004,10.3,5
9.6,0.32,0.47,24.0,0.99695,10.3,7
8.6,0.49,0.28,136.0,0.9972,9.9,6
7.5,0.725,0.04,15.0,0.99508,9.6,5
8.2,0.73,0.21,13.0,0.9968,9.5,5
7.7,0.54,0.26,147.0,0.99636,9.7,5
11.9,0.39,0.69,35.0,0.9994,10.8,6
10.0,0.44,0.49,19.0,0.9963,11.6,7
6.7,0.46,0.24,34.0,0.9948,10.6,6
9.7,0.53,0.6,19.0,0.99585,12.4,6
12.0,0.5,0.59,42.0,0.998,10.5,7
7.2,0.53,0.13,22.0,0.99573,9.9,6
9.2,0.46,0.23,77.0,0.99922,9.4,5
7.1,0.68,0.0,22.0,0.9969,9.3,5
9.0,0.44,0.49,121.0,0.9978,9.2,5
7.1,0.36,0.3,70.0,0.99693,9.4,5
9.0,0.6,0.29,73.0,0.99654,10.0,5
6.5,0.52,0.11,38.0,0.9955,9.3,5
8.0,0.43,0.36,48.0,0.9976,9.4,5
7.3,0.66,0.0,23.0,0.9983,9.9,6
7.7,0.18,0.34,58.0,0.9947,11.8,6
7.2,0.695,0.13,20.0,0.99546,10.1,5
8.1,0.29,0.36,53.0,0.995,12.4,7
6.4,0.64,0.21,31.0,0.99689,9.8,5
4.9,0.42,0.0,42.0,0.99154,14.0,7
8.1,0.87,0.0,61.0,1.00025,9.8,4
7.7,0.96,0.2,60.0,0.9955,10.9,5
8.7,0.84,0.0,33.0,0.9954,9.7,5
8.3,0.58,0.13,63.0,0.9984,9.1,6
8.6,0.49,0.29,133.0,0.9972,9.8,5
7.7,0.49,0.26,31.0,0.9966,9.6,5
5.3,0.715,0.19,62.0,0.99395,11.0,5
6.6,0.64,0.31,49.0,0.99718,10.3,5
7.9,0.69,0.21,141.0,0.9962,9.9,5
7.8,0.53,0.01,19.0,0.995,9.8,5
8.7,0.41,0.41,42.0,0.9953,12.6,7
7.9,0.35,0.21,102.0,0.9964,9.5,5
9.7,0.69,0.32,91.0,0.9979,10.1,5
8.2,0.28,0.4,10.0,0.99356,12.8,7
7.5,0.55,0.24,28.0,0.9983,9.5,6
7.9,0.72,0.17,38.0,0.9978,9.5,5
7.1,0.66,0.0,11.0,0.99318,12.7,7
6.1,0.59,0.01,13.0,0.99472,11.4,5
8.2,0.7,0.23,81.0,0.9973,9.4,5
7.6,0.43,0.29,66.0,0.99718,9.5,5
7.2,0.57,0.05,36.0,0.99564,10.3,6
9.0,0.82,0.14,23.0,0.9984,9.8,5
7.7,0.62,0.04,45.0,0.9978,9.5,5
7.2,0.66,0.33,102.0,0.99414,12.8,6
8.9,0.24,0.39,10.0,0.99698,9.5,6
7.6,0.63,0.03,43.0,0.99578,10.9,6
13.3,0.29,0.75,43.0,0.9986,11.4,7
5.8,0.68,0.02,94.0,0.9944,10.0,5
6.6,0.66,0.0,31.0,0.99629,10.3,5
9.3,0.5,0.36,17.0,0.99704,10.8,6
7.0,0.49,0.49,121.0,0.9974,10.5,5
11.2,0.4,0.5,50.0,0.99783,10.4,5
10.0,0.49,0.2,50.0,1.0015,9.2,6
7.4,1.185,0.0,14.0,0.9966,10.7,3
6.9,0.67,0.06,33.0,0.99845,9.6,5
8.2,0.26,0.34,47.0,0.99594,11.3,7
5.9,0.44,0.0,11.0,0.9944,11.7,6
8.3,0.56,0.22,86.0,0.9983,9.5,5
9.4,0.43,0.24,45.0,0.998,10.0,6
8.5,0.49,0.11,67.0,0.9968,9.4,5
7.3,0.58,0.3,55.0,0.9968,10.2,5
8.8,0.41,0.64,42.0,0.9986,10.5,5
9.1,0.21,0.37,10.0,0.99552,11.1,7
12.2,0.45,0.49,6.0,0.9969,10.4,5
10.2,0.49,0.63,26.0,0.9968,12.5,7
8.9,0.745,0.18,48.0,0.99739,9.7,6
8.8,0.45,0.43,21.0,0.99551,10.2,6
6.8,0.61,0.04,10.0,0.99525,9.5,5
7.8,0.88,0.0,67.0,0.9968,9.8,5
8.3,0.715,0.15,52.0,0.9968,9.5,5
9.9,0.63,0.24,33.0,0.9974,9.4,5
7.8,0.56,0.12,28.0,0.997,9.4,6
8.1,0.575,0.22,65.0,0.9967,9.2,5
9.4,0.24,0.33,73.0,0.99786,10.2,6
7.9,0.32,0.51,56.0,0.9969,9.2,6
6.2,0.52,0.08,32.0,0.99646,11.6,6
8.0,0.64,0.22,33.0,0.99612,11.0,5
7.2,0.49,0.18,34.0,0.9967,9.2,6
6.9,0.48,0.2,23.0,0.99585,9.05,4
9.2,0.54,0.31,38.0,0.99699,10.9,5
7.3,0.67,0.05,20.0,0.9972,10.1,5
9.4,0.685,0.11,31.0,0.9984,10.1,6
7.4,0.58,0.0,11.0,0.99562,11.3,6
8.6,0.45,0.31,50.0,0.9982,9.9,6
8.9,0.48,0.53,10.0,0.99586,12.1,7
7.5,0.53,0.06,44.0,0.9965,10.7,6
8.4,0.6,0.1,111.0,0.9964,9.8,5
7.6,0.41,0.24,11.0,0.9962,9.5,5
7.5,0.51,0.02,31.0,0.99538,10.5,6
6.7,0.75,0.01,32.0,0.9955,12.8,6
7.3,1.07,0.09,89.0,0.9962,9.0,5
8.6,0.47,0.27,28.0,0.99516,11.2,5
9.1,0.64,0.23,38.0,0.9998,9.7,5
11.3,0.34,0.45,15.0,0.9988,9.2,6
8.1,0.73,0.0,24.0,0.99798,9.6,4
8.8,0.52,0.34,122.0,0.9982,9.5,5
6.9,0.63,0.02,30.0,0.99712,9.8,5
10.2,0.42,0.57,10.0,0.9971,9.6,5
9.0,0.82,0.05,96.0,0.99814,10.0,5
9.9,0.27,0.49,17.0,0.99484,12.5,7
8.0,0.77,0.32,74.0,0.99656,9.8,6
8.2,0.51,0.24,86.0,0.99764,9.5,6
8.3,0.61,0.3,50.0,0.9972,10.2,6
7.6,0.55,0.21,28.0,0.9964,9.7,5
7.1,0.69,0.04,27.0,0.99712,9.8,5
7.9,0.6,0.06,59.0,0.9964,9.4,5
6.6,0.725,0.09,17.0,0.99655,10.8,6
7.2,0.25,0.37,41.0,0.99439,12.4,7
8.6,0.53,0.22,27.0,0.9967,10.2,6
